study_accession	study_title	experiment_accession	experiment_title	experiment_desc	organism_taxid	organism_name	library_name	library_strategy	library_source	library_selection	library_layout	sample_accession	sample_title	biosample	bioproject	instrument	instrument_model	instrument_model_desc	total_spots	total_size	run_accession	run_total_spots	run_total_bases
SRP056641	Human Microbiome Environment Metagenome	SRX971619		Metagenomics of human microbiome	646099	human metagenome	700122786_zv2_G_DNA_Posterior_fornix	WGS	METAGENOMIC	RANDOM	PAIRED	SRS886672		SAMN03351565	PRJNA275349	Illumina HiSeq 2000	Illumina HiSeq 2000	ILLUMINA	1748816	16468923	SRR1944673	1748816	353260832
SRP056641	Human Microbiome Environment Metagenome	SRX971620		Metagenomics of human microbiome	646099	human metagenome	700124579_zs1_G_DNA_Anterior_nares	WGS	METAGENOMIC	RANDOM	PAIRED	SRS886673		SAMN03351582	PRJNA275349	Illumina HiSeq 2000	Illumina HiSeq 2000	ILLUMINA	1181169	80665335	SRR1944674	1181169	238596138
SRP056641	Human Microbiome Environment Metagenome	SRX971627		Metagenomics of human microbiome	646099	human metagenome	700172084_zs1_G_DNA_Anterior_nares	WGS	METAGENOMIC	RANDOM	PAIRED	SRS886676		SAMN03351699	PRJNA275349	Illumina HiSeq 2000	Illumina HiSeq 2000	ILLUMINA	2820900	22752416	SRR1944683	2820900	569821800
SRP056641	Human Microbiome Environment Metagenome	SRX971637		Metagenomics of human microbiome	646099	human metagenome	700165717_zo1_G_DNA_Buccal_mucosa	WGS	METAGENOMIC	RANDOM	PAIRED	SRS886691		SAMN03351656	PRJNA275349	Illumina HiSeq 2000	Illumina HiSeq 2000	ILLUMINA	6231553	73906602	SRR1944703	6231553	1258773706
SRP056641	Human Microbiome Environment Metagenome	SRX971638		Metagenomics of human microbiome	646099	human metagenome	700165728_zg_G_DNA_Stool	WGS	METAGENOMIC	RANDOM	PAIRED	SRS886692		SAMN03351659	PRJNA275349	Illumina HiSeq 2000	Illumina HiSeq 2000	ILLUMINA	42	36745	SRR1944704	42	8484
SRP056641	Human Microbiome Environment Metagenome	SRX971641		Metagenomics of human microbiome	646099	human metagenome	700165223_zv2_G_DNA_Posterior_fornix	WGS	METAGENOMIC	RANDOM	PAIRED	SRS886694		SAMN03351646	PRJNA275349	Illumina HiSeq 2000	Illumina HiSeq 2000	ILLUMINA	8242829	63417001	SRR1944797	8242829	1665051458
SRP056641	Human Microbiome Environment Metagenome	SRX971644		Metagenomics of human microbiome	646099	human metagenome	700161326_zv2_G_DNA_Posterior_fornix	WGS	METAGENOMIC	RANDOM	PAIRED	SRS886697		SAMN03351590	PRJNA275349	Illumina HiSeq 2000	Illumina HiSeq 2000	ILLUMINA	8537797	65883393	SRR1944845	8537797	1724634994
SRP056641	Human Microbiome Environment Metagenome	SRX971645		Metagenomics of human microbiome	646099	human metagenome	700161331_zo1_G_DNA_Buccal_mucosa	WGS	METAGENOMIC	RANDOM	PAIRED	SRS886698		SAMN03351592	PRJNA275349	Illumina HiSeq 2000	Illumina HiSeq 2000	ILLUMINA	295	58857	SRR1944846	295	59590
SRP056641	Human Microbiome Environment Metagenome	SRX971646		Metagenomics of human microbiome	646099	human metagenome	700167765_zo9_G_DNA_Tongue_dorsum	WGS	METAGENOMIC	RANDOM	PAIRED	SRS886699		SAMN03351684	PRJNA275349	Illumina HiSeq 2000	Illumina HiSeq 2000	ILLUMINA	8074428	714471346	SRR1944869	8074428	1631034456
SRP056641	Human Microbiome Environment Metagenome	SRX971666		Metagenomics of human microbiome	646099	human metagenome	700097907_zg_G_DNA_Stool	WGS	METAGENOMIC	RANDOM	PAIRED	SRS886701		SAMN03351487	PRJNA275349	Illumina HiSeq 2000	Illumina HiSeq 2000	ILLUMINA	11033130	1061005904	SRR1944873	11033130	2228692260
SRP056641	Human Microbiome Environment Metagenome	SRX971671		Metagenomics of human microbiome	646099	human metagenome	700164896_zs1_G_DNA_Anterior_nares	WGS	METAGENOMIC	RANDOM	SINGLE	SRS886702		SAMN03351634	PRJNA275349	Illumina HiSeq 2000	Illumina HiSeq 2000	ILLUMINA	880501	5059800	SRR1944902	880501	88930601
SRP056641	Human Microbiome Environment Metagenome	SRX977821		Metagenomics of human microbiome	646099	human metagenome	700167846_zv2_G_DNA_Posterior_fornix	WGS	METAGENOMIC	RANDOM	PAIRED	SRS892836		SAMN03351694	PRJNA275349	Illumina HiSeq 2000	Illumina HiSeq 2000	ILLUMINA	10611721	93675784	SRR1951760	10611721	2143567642
SRP056641	Human Microbiome Environment Metagenome	SRX977879		Metagenomics of human microbiome	646099	human metagenome	700173686_zg_G_DNA_Stool	WGS	METAGENOMIC	RANDOM	PAIRED	SRS892882		SAMN03351723	PRJNA275349	Illumina HiSeq 2000	Illumina HiSeq 2000	ILLUMINA	7956274	743767547	SRR1951826	7956274	1607167348
SRP056641	Human Microbiome Environment Metagenome	SRX978058		Metagenomics of human microbiome	646099	human metagenome	700122166_zg_G_DNA_Stool	WGS	METAGENOMIC	RANDOM	PAIRED	SRS893009		SAMN03351549	PRJNA275349	Illumina HiSeq 2000	Illumina HiSeq 2000	ILLUMINA	5834232	556302979	SRR1952058	5834232	1178514864
SRP056641	Human Microbiome Environment Metagenome	SRX978278		Metagenomics of human microbiome	646099	human metagenome	700122765_zg_G_DNA_Stool	WGS	METAGENOMIC	RANDOM	PAIRED	SRS893170		SAMN03351563	PRJNA275349	Illumina HiSeq 2000	Illumina HiSeq 2000	ILLUMINA	23655789	2138723761	SRR1952344	23655789	4778469378
SRP056641	Human Microbiome Environment Metagenome	SRX978307		Metagenomics of human microbiome	646099	human metagenome	700124561_zg_G_DNA_Stool	WGS	METAGENOMIC	RANDOM	PAIRED	SRS893172		SAMN03351578	PRJNA275349	Illumina HiSeq 2000	Illumina HiSeq 2000	ILLUMINA	12317750	1151936161	SRR1952350	12317750	2488185500
SRP056641	Human Microbiome Environment Metagenome	SRX978308		Metagenomics of human microbiome	646099	human metagenome	700124567_zo9_G_DNA_Tongue_dorsum	WGS	METAGENOMIC	RANDOM	PAIRED	SRS893173		SAMN03351579	PRJNA275349	Illumina HiSeq 2000	Illumina HiSeq 2000	ILLUMINA	15024409	1355095827	SRR1952378	15024409	3034930618
SRP056641	Human Microbiome Environment Metagenome	SRX978309		Metagenomics of human microbiome	646099	human metagenome	700122771_zo9_G_DNA_Tongue_dorsum	WGS	METAGENOMIC	RANDOM	PAIRED	SRS893175		SAMN03351564	PRJNA275349	Illumina HiSeq 2000	Illumina HiSeq 2000	ILLUMINA	42173063	3546675842	SRR1952379	42173063	8518958726
SRP056641	Human Microbiome Environment Metagenome	SRX978310		Metagenomics of human microbiome	646099	human metagenome	700124569_zo1_G_DNA_Buccal_mucosa	WGS	METAGENOMIC	RANDOM	PAIRED	SRS893174		SAMN03351580	PRJNA275349	Illumina HiSeq 2000	Illumina HiSeq 2000	ILLUMINA	11872420	161356953	SRR1952380	11872420	2398228840
SRP056641	Human Microbiome Environment Metagenome	SRX978360		Metagenomics of human microbiome	646099	human metagenome	700167825_zg_G_DNA_Stool	WGS	METAGENOMIC	RANDOM	PAIRED	SRS893187		SAMN03351689	PRJNA275349	Illumina HiSeq 2000	Illumina HiSeq 2000	ILLUMINA	14499344	1347125457	SRR1952418	14499344	2928867488
SRP056641	Human Microbiome Environment Metagenome	SRX978361		Metagenomics of human microbiome	646099	human metagenome	700167831_zo9_G_DNA_Tongue_dorsum	WGS	METAGENOMIC	RANDOM	PAIRED	SRS893227		SAMN03351690	PRJNA275349	Illumina HiSeq 2000	Illumina HiSeq 2000	ILLUMINA	14999752	1367467688	SRR1952431	14999752	3029949904
SRP056641	Human Microbiome Environment Metagenome	SRX978364		Metagenomics of human microbiome	646099	human metagenome	700121919_zg_G_DNA_Stool	WGS	METAGENOMIC	RANDOM	PAIRED	SRS893231		SAMN03351542	PRJNA275349	Illumina HiSeq 2000	Illumina HiSeq 2000	ILLUMINA	18783806	1650430089	SRR1952433	18783806	3794328812
SRP056641	Human Microbiome Environment Metagenome	SRX978365		Metagenomics of human microbiome	646099	human metagenome	700124429_zg_G_DNA_Stool	WGS	METAGENOMIC	RANDOM	PAIRED	SRS893230		SAMN03351577	PRJNA275349	Illumina HiSeq 2000	Illumina HiSeq 2000	ILLUMINA	14229147	1278544159	SRR1952434	14229147	2874287694
SRP056641	Human Microbiome Environment Metagenome	SRX978366		Metagenomics of human microbiome	646099	human metagenome	700124573_zo7_G_DNA_Supragingival_plaque	WGS	METAGENOMIC	RANDOM	PAIRED	SRS893229		SAMN03351581	PRJNA275349	Illumina HiSeq 2000	Illumina HiSeq 2000	ILLUMINA	16169911	1392212009	SRR1952435	16169911	3266322022
SRP056641	Human Microbiome Environment Metagenome	SRX978367		Metagenomics of human microbiome	646099	human metagenome	700167837_zo7_G_DNA_Supragingival_plaque	WGS	METAGENOMIC	RANDOM	PAIRED	SRS893232		SAMN03351692	PRJNA275349	Illumina HiSeq 2000	Illumina HiSeq 2000	ILLUMINA	21971588	1851901976	SRR1952436	21971588	4438260776
SRP056641	Human Microbiome Environment Metagenome	SRX978368		Metagenomics of human microbiome	646099	human metagenome	700167833_zo1_G_DNA_Buccal_mucosa	WGS	METAGENOMIC	RANDOM	PAIRED	SRS893233		SAMN03351691	PRJNA275349	Illumina HiSeq 2000	Illumina HiSeq 2000	ILLUMINA	15361468	542817895	SRR1952437	15361468	3103016536
SRP056641	Human Microbiome Environment Metagenome	SRX978369		Metagenomics of human microbiome	646099	human metagenome	700124582_zv2_G_DNA_Posterior_fornix	WGS	METAGENOMIC	RANDOM	PAIRED	SRS893234		SAMN03351583	PRJNA275349	Illumina HiSeq 2000	Illumina HiSeq 2000	ILLUMINA	17804778	325939087	SRR1952438	17804778	3596565156
SRP056641	Human Microbiome Environment Metagenome	SRX978370		Metagenomics of human microbiome	646099	human metagenome	700167843_zs1_G_DNA_Anterior_nares	WGS	METAGENOMIC	RANDOM	PAIRED	SRS893251		SAMN03351693	PRJNA275349	Illumina HiSeq 2000	Illumina HiSeq 2000	ILLUMINA	14635701	137736459	SRR1952439	14635701	2956411602
SRP056641	Human Microbiome Environment Metagenome	SRX978387		Metagenomics of human microbiome	646099	human metagenome	700021123_zg_G_DNA_Stool	WGS	METAGENOMIC	RANDOM	PAIRED	SRS893252		SAMN03351466	PRJNA275349	Illumina HiSeq 2000	Illumina HiSeq 2000	ILLUMINA	31974650	3156689972	SRR1952455	31974650	6458879300
SRP056641	Human Microbiome Environment Metagenome	SRX978388		Metagenomics of human microbiome	646099	human metagenome	700164891_zg_G_DNA_Stool	WGS	METAGENOMIC	RANDOM	PAIRED	SRS893253		SAMN03351633	PRJNA275349	Illumina HiSeq 2000	Illumina HiSeq 2000	ILLUMINA	24795386	2459121180	SRR1952457	24795386	5008667972
SRP056641	Human Microbiome Environment Metagenome	SRX978389		Metagenomics of human microbiome	646099	human metagenome	700117239_zg_G_DNA_Stool	WGS	METAGENOMIC	RANDOM	PAIRED	SRS893256		SAMN03351506	PRJNA275349	Illumina HiSeq 2000	Illumina HiSeq 2000	ILLUMINA	20261163	2005377154	SRR1952459	20261163	4092754926
SRP056641	Human Microbiome Environment Metagenome	SRX978390		Metagenomics of human microbiome	646099	human metagenome	700117436_zo1_G_DNA_Buccal_mucosa	WGS	METAGENOMIC	RANDOM	PAIRED	SRS893255		SAMN03351515	PRJNA275349	Illumina HiSeq 2000	Illumina HiSeq 2000	ILLUMINA	21866748	1286289398	SRR1952461	21866748	4417083096
SRP056641	Human Microbiome Environment Metagenome	SRX978391		Metagenomics of human microbiome	646099	human metagenome	700164902_zo9_G_DNA_Tongue_dorsum	WGS	METAGENOMIC	RANDOM	PAIRED	SRS893254		SAMN03351636	PRJNA275349	Illumina HiSeq 2000	Illumina HiSeq 2000	ILLUMINA	20661888	2022140776	SRR1952462	20661888	4173701376
SRP056641	Human Microbiome Environment Metagenome	SRX978402		Metagenomics of human microbiome	646099	human metagenome	700117242_zo1_G_DNA_Buccal_mucosa	WGS	METAGENOMIC	RANDOM	PAIRED	SRS893257		SAMN03351508	PRJNA275349	Illumina HiSeq 2000	Illumina HiSeq 2000	ILLUMINA	21148895	515921878	SRR1952472	21148895	4272076790
SRP056641	Human Microbiome Environment Metagenome	SRX978415		Metagenomics of human microbiome	646099	human metagenome	700164899_zv2_G_DNA_Posterior_fornix	WGS	METAGENOMIC	RANDOM	PAIRED	SRS893262		SAMN03351635	PRJNA275349	Illumina HiSeq 2000	Illumina HiSeq 2000	ILLUMINA	18939305	144511614	SRR1952484	18939305	3825739610
SRP056641	Human Microbiome Environment Metagenome	SRX978420		Metagenomics of human microbiome	646099	human metagenome	700117295_zo9_G_DNA_Tongue_dorsum	WGS	METAGENOMIC	RANDOM	PAIRED	SRS893260		SAMN03351509	PRJNA275349	Illumina HiSeq 2000	Illumina HiSeq 2000	ILLUMINA	22436472	2171626910	SRR1952488	22436472	4532167344
SRP056641	Human Microbiome Environment Metagenome	SRX978421		Metagenomics of human microbiome	646099	human metagenome	700117537_zg_G_DNA_Stool	WGS	METAGENOMIC	RANDOM	PAIRED	SRS893259		SAMN03351521	PRJNA275349	Illumina HiSeq 2000	Illumina HiSeq 2000	ILLUMINA	19910304	1925712064	SRR1952490	19910304	4021881408
SRP056641	Human Microbiome Environment Metagenome	SRX978423		Metagenomics of human microbiome	646099	human metagenome	700164908_zo7_G_DNA_Supragingival_plaque	WGS	METAGENOMIC	RANDOM	PAIRED	SRS893258		SAMN03351638	PRJNA275349	Illumina HiSeq 2000	Illumina HiSeq 2000	ILLUMINA	19202739	1372847111	SRR1952492	19202739	3878953278
SRP056641	Human Microbiome Environment Metagenome	SRX978435		Metagenomics of human microbiome	646099	human metagenome	700165311_zg_G_DNA_Stool	WGS	METAGENOMIC	RANDOM	PAIRED	SRS893270		SAMN03351648	PRJNA275349	Illumina HiSeq 2000	Illumina HiSeq 2000	ILLUMINA	15872338	1521427331	SRR1952501	15872338	3206212276
SRP056641	Human Microbiome Environment Metagenome	SRX978437		Metagenomics of human microbiome	646099	human metagenome	700165316_zo1_G_DNA_Buccal_mucosa	WGS	METAGENOMIC	RANDOM	PAIRED	SRS893273		SAMN03351649	PRJNA275349	Illumina HiSeq 2000	Illumina HiSeq 2000	ILLUMINA	29984243	1736073947	SRR1952502	29984243	6056817086
SRP056641	Human Microbiome Environment Metagenome	SRX978438		Metagenomics of human microbiome	646099	human metagenome	700161970_zo9_G_DNA_Tongue_dorsum	WGS	METAGENOMIC	RANDOM	PAIRED	SRS893272		SAMN03351609	PRJNA275349	Illumina HiSeq 2000	Illumina HiSeq 2000	ILLUMINA	16329898	1447371495	SRR1952503	16329898	3298639396
SRP056641	Human Microbiome Environment Metagenome	SRX978439		Metagenomics of human microbiome	646099	human metagenome	700117542_zs1_G_DNA_Anterior_nares	WGS	METAGENOMIC	RANDOM	PAIRED	SRS893275		SAMN03351522	PRJNA275349	Illumina HiSeq 2000	Illumina HiSeq 2000	ILLUMINA	25931665	280662937	SRR1952505	25931665	5238196330
SRP056641	Human Microbiome Environment Metagenome	SRX978440		Metagenomics of human microbiome	646099	human metagenome	700117547_zo1_G_DNA_Buccal_mucosa	WGS	METAGENOMIC	RANDOM	PAIRED	SRS893276		SAMN03351523	PRJNA275349	Illumina HiSeq 2000	Illumina HiSeq 2000	ILLUMINA	23265946	495687722	SRR1952506	23265946	4699721092
SRP056641	Human Microbiome Environment Metagenome	SRX978441		Metagenomics of human microbiome	646099	human metagenome	700172119_zo9_G_DNA_Tongue_dorsum	WGS	METAGENOMIC	RANDOM	PAIRED	SRS893274		SAMN03351700	PRJNA275349	Illumina HiSeq 2000	Illumina HiSeq 2000	ILLUMINA	20243521	1522223766	SRR1952507	20243521	4089191242
SRP056641	Human Microbiome Environment Metagenome	SRX978442		Metagenomics of human microbiome	646099	human metagenome	700161967_zg_G_DNA_Stool	WGS	METAGENOMIC	RANDOM	PAIRED	SRS893279		SAMN03351608	PRJNA275349	Illumina HiSeq 2000	Illumina HiSeq 2000	ILLUMINA	19810479	1925157807	SRR1952509	19810479	4001716758
SRP056641	Human Microbiome Environment Metagenome	SRX978443		Metagenomics of human microbiome	646099	human metagenome	700172121_zo1_G_DNA_Buccal_mucosa	WGS	METAGENOMIC	RANDOM	PAIRED	SRS893278		SAMN03351701	PRJNA275349	Illumina HiSeq 2000	Illumina HiSeq 2000	ILLUMINA	25805165	1225689623	SRR1952510	25805165	5212643330
SRP056641	Human Microbiome Environment Metagenome	SRX978444		Metagenomics of human microbiome	646099	human metagenome	700172074_zo1_G_DNA_Buccal_mucosa	WGS	METAGENOMIC	RANDOM	PAIRED	SRS893277		SAMN03351697	PRJNA275349	Illumina HiSeq 2000	Illumina HiSeq 2000	ILLUMINA	23142198	646363838	SRR1952511	23142198	4674723996
SRP056641	Human Microbiome Environment Metagenome	SRX978445		Metagenomics of human microbiome	646099	human metagenome	700117551_zo7_G_DNA_Supragingival_plaque	WGS	METAGENOMIC	RANDOM	PAIRED	SRS893280		SAMN03351524	PRJNA275349	Illumina HiSeq 2000	Illumina HiSeq 2000	ILLUMINA	25708236	1828416491	SRR1952512	25708236	5193063672
SRP056641	Human Microbiome Environment Metagenome	SRX978446		Metagenomics of human microbiome	646099	human metagenome	700172125_zo7_G_DNA_Supragingival_plaque	WGS	METAGENOMIC	RANDOM	PAIRED	SRS893282		SAMN03351702	PRJNA275349	Illumina HiSeq 2000	Illumina HiSeq 2000	ILLUMINA	32056125	2551990769	SRR1952513	32056125	6475337250
SRP056641	Human Microbiome Environment Metagenome	SRX978447		Metagenomics of human microbiome	646099	human metagenome	700173746_zo7_G_DNA_Supragingival_plaque	WGS	METAGENOMIC	RANDOM	PAIRED	SRS893281		SAMN03351728	PRJNA275349	Illumina HiSeq 2000	Illumina HiSeq 2000	ILLUMINA	22071135	2002876390	SRR1952514	22071135	4458369270
SRP056641	Human Microbiome Environment Metagenome	SRX978448		Metagenomics of human microbiome	646099	human metagenome	700117388_zo1_G_DNA_Buccal_mucosa	WGS	METAGENOMIC	RANDOM	PAIRED	SRS893284		SAMN03351512	PRJNA275349	Illumina HiSeq 2000	Illumina HiSeq 2000	ILLUMINA	15420542	416942326	SRR1952515	15420542	3114949484
SRP056641	Human Microbiome Environment Metagenome	SRX978449		Metagenomics of human microbiome	646099	human metagenome	700117488_zo7_G_DNA_Supragingival_plaque	WGS	METAGENOMIC	RANDOM	PAIRED	SRS893283		SAMN03351519	PRJNA275349	Illumina HiSeq 2000	Illumina HiSeq 2000	ILLUMINA	16560780	1436097019	SRR1952516	16560780	3345277560
SRP056641	Human Microbiome Environment Metagenome	SRX978450		Metagenomics of human microbiome	646099	human metagenome	700173742_zo1_G_DNA_Buccal_mucosa	WGS	METAGENOMIC	RANDOM	PAIRED	SRS893286		SAMN03351727	PRJNA275349	Illumina HiSeq 2000	Illumina HiSeq 2000	ILLUMINA	16106366	688220229	SRR1952517	16106366	3253485932
SRP056641	Human Microbiome Environment Metagenome	SRX978451		Metagenomics of human microbiome	646099	human metagenome	700161743_zg_G_DNA_Stool	WGS	METAGENOMIC	RANDOM	PAIRED	SRS893285		SAMN03351603	PRJNA275349	Illumina HiSeq 2000	Illumina HiSeq 2000	ILLUMINA	16610917	1629057666	SRR1952518	16610917	3355405234
SRP056641	Human Microbiome Environment Metagenome	SRX978452		Metagenomics of human microbiome	646099	human metagenome	700161751_zv2_G_DNA_Posterior_fornix	WGS	METAGENOMIC	RANDOM	PAIRED	SRS893287		SAMN03351605	PRJNA275349	Illumina HiSeq 2000	Illumina HiSeq 2000	ILLUMINA	19855014	222173884	SRR1952519	19855014	4010712828
SRP056641	Human Microbiome Environment Metagenome	SRX978453		Metagenomics of human microbiome	646099	human metagenome	700161754_zo9_G_DNA_Tongue_dorsum	WGS	METAGENOMIC	RANDOM	PAIRED	SRS893289		SAMN03351606	PRJNA275349	Illumina HiSeq 2000	Illumina HiSeq 2000	ILLUMINA	19372715	1737378944	SRR1952520	19372715	3913288430
SRP056641	Human Microbiome Environment Metagenome	SRX978454		Metagenomics of human microbiome	646099	human metagenome	700172132_zg_G_DNA_Stool	WGS	METAGENOMIC	RANDOM	PAIRED	SRS893288		SAMN03351703	PRJNA275349	Illumina HiSeq 2000	Illumina HiSeq 2000	ILLUMINA	26564961	2572461969	SRR1952521	26564961	5366122122
SRP056641	Human Microbiome Environment Metagenome	SRX978455		Metagenomics of human microbiome	646099	human metagenome	700117395_zg_G_DNA_Stool	WGS	METAGENOMIC	RANDOM	PAIRED	SRS893292		SAMN03351513	PRJNA275349	Illumina HiSeq 2000	Illumina HiSeq 2000	ILLUMINA	20595371	2047828069	SRR1952522	20595371	4160264942
SRP056641	Human Microbiome Environment Metagenome	SRX978456		Metagenomics of human microbiome	646099	human metagenome	700117386_zo9_G_DNA_Tongue_dorsum	WGS	METAGENOMIC	RANDOM	PAIRED	SRS893291		SAMN03351511	PRJNA275349	Illumina HiSeq 2000	Illumina HiSeq 2000	ILLUMINA	26222814	2557628294	SRR1952523	26222814	5297008428
SRP056641	Human Microbiome Environment Metagenome	SRX978457		Metagenomics of human microbiome	646099	human metagenome	700173740_zo9_G_DNA_Tongue_dorsum	WGS	METAGENOMIC	RANDOM	PAIRED	SRS893290		SAMN03351726	PRJNA275349	Illumina HiSeq 2000	Illumina HiSeq 2000	ILLUMINA	27218462	2308443733	SRR1952524	27218462	5498129324
SRP056641	Human Microbiome Environment Metagenome	SRX978458		Metagenomics of human microbiome	646099	human metagenome	700173752_zs1_G_DNA_Anterior_nares	WGS	METAGENOMIC	RANDOM	PAIRED	SRS893294		SAMN03351729	PRJNA275349	Illumina HiSeq 2000	Illumina HiSeq 2000	ILLUMINA	24418962	285645504	SRR1952525	24418962	4932630324
SRP056641	Human Microbiome Environment Metagenome	SRX978460		Metagenomics of human microbiome	646099	human metagenome	700163982_zg_G_DNA_Stool	WGS	METAGENOMIC	RANDOM	PAIRED	SRS893295		SAMN03351628	PRJNA275349	Illumina HiSeq 2000	Illumina HiSeq 2000	ILLUMINA	16249144	1629824441	SRR1952526	16249144	3282327088
SRP056641	Human Microbiome Environment Metagenome	SRX978461		Metagenomics of human microbiome	646099	human metagenome	700117484_zo1_G_DNA_Buccal_mucosa	WGS	METAGENOMIC	RANDOM	PAIRED	SRS893297		SAMN03351518	PRJNA275349	Illumina HiSeq 2000	Illumina HiSeq 2000	ILLUMINA	29977853	1132147627	SRR1952528	29977853	6055526306
SRP056641	Human Microbiome Environment Metagenome	SRX978462		Metagenomics of human microbiome	646099	human metagenome	700117399_zs1_G_DNA_Anterior_nares	WGS	METAGENOMIC	RANDOM	PAIRED	SRS893296		SAMN03351514	PRJNA275349	Illumina HiSeq 2000	Illumina HiSeq 2000	ILLUMINA	30921944	349089796	SRR1952529	30921944	6246232688
SRP056641	Human Microbiome Environment Metagenome	SRX978463		Metagenomics of human microbiome	646099	human metagenome	700163987_zo1_G_DNA_Buccal_mucosa	WGS	METAGENOMIC	RANDOM	PAIRED	SRS893301		SAMN03351630	PRJNA275349	Illumina HiSeq 2000	Illumina HiSeq 2000	ILLUMINA	21847070	733570037	SRR1952530	21847070	4413108140
SRP056641	Human Microbiome Environment Metagenome	SRX978464		Metagenomics of human microbiome	646099	human metagenome	700172927_zg_G_DNA_Stool	WGS	METAGENOMIC	RANDOM	PAIRED	SRS893300		SAMN03351713	PRJNA275349	Illumina HiSeq 2000	Illumina HiSeq 2000	ILLUMINA	20381751	2020592654	SRR1952531	20381751	4117113702
SRP056641	Human Microbiome Environment Metagenome	SRX978465		Metagenomics of human microbiome	646099	human metagenome	700161760_zo7_G_DNA_Supragingival_plaque	WGS	METAGENOMIC	RANDOM	PAIRED	SRS893299		SAMN03351607	PRJNA275349	Illumina HiSeq 2000	Illumina HiSeq 2000	ILLUMINA	26332676	2232956301	SRR1952532	26332676	5319200552
SRP056641	Human Microbiome Environment Metagenome	SRX978466		Metagenomics of human microbiome	646099	human metagenome	700163991_zo7_G_DNA_Supragingival_plaque	WGS	METAGENOMIC	RANDOM	PAIRED	SRS893298		SAMN03351631	PRJNA275349	Illumina HiSeq 2000	Illumina HiSeq 2000	ILLUMINA	14566291	1212229267	SRR1952533	14566291	2942390782
SRP056641	Human Microbiome Environment Metagenome	SRX978483		Metagenomics of human microbiome	646099	human metagenome	700117869_zo7_G_DNA_Supragingival_plaque	WGS	METAGENOMIC	RANDOM	PAIRED	SRS893318		SAMN03351525	PRJNA275349	Illumina HiSeq 2000	Illumina HiSeq 2000	ILLUMINA	22640202	2020611937	SRR1952551	22640202	4573320804
SRP056641	Human Microbiome Environment Metagenome	SRX978484		Metagenomics of human microbiome	646099	human metagenome	700172930_zo9_G_DNA_Tongue_dorsum	WGS	METAGENOMIC	RANDOM	PAIRED	SRS893321		SAMN03351714	PRJNA275349	Illumina HiSeq 2000	Illumina HiSeq 2000	ILLUMINA	30636596	3001818121	SRR1952553	30636596	6188592392
SRP056641	Human Microbiome Environment Metagenome	SRX978485		Metagenomics of human microbiome	646099	human metagenome	700117878_zv2_G_DNA_Posterior_fornix	WGS	METAGENOMIC	RANDOM	PAIRED	SRS893320		SAMN03351526	PRJNA275349	Illumina HiSeq 2000	Illumina HiSeq 2000	ILLUMINA	20311635	310098348	SRR1952554	20311635	4102950270
SRP056641	Human Microbiome Environment Metagenome	SRX978486		Metagenomics of human microbiome	646099	human metagenome	700163997_zs1_G_DNA_Anterior_nares	WGS	METAGENOMIC	RANDOM	PAIRED	SRS893319		SAMN03351632	PRJNA275349	Illumina HiSeq 2000	Illumina HiSeq 2000	ILLUMINA	21310447	171178248	SRR1952555	21310447	4304710294
SRP056641	Human Microbiome Environment Metagenome	SRX978487		Metagenomics of human microbiome	646099	human metagenome	700161423_zo1_G_DNA_Buccal_mucosa	WGS	METAGENOMIC	RANDOM	PAIRED	SRS893323		SAMN03351597	PRJNA275349	Illumina HiSeq 2000	Illumina HiSeq 2000	ILLUMINA	18899852	821930186	SRR1952557	18899852	3817770104
SRP056641	Human Microbiome Environment Metagenome	SRX978488		Metagenomics of human microbiome	646099	human metagenome	700163985_zo9_G_DNA_Tongue_dorsum	WGS	METAGENOMIC	RANDOM	PAIRED	SRS893322		SAMN03351629	PRJNA275349	Illumina HiSeq 2000	Illumina HiSeq 2000	ILLUMINA	23306540	2240043151	SRR1952558	23306540	4707921080
SRP056641	Human Microbiome Environment Metagenome	SRX978489		Metagenomics of human microbiome	646099	human metagenome	700161533_zg_G_DNA_Stool	WGS	METAGENOMIC	RANDOM	PAIRED	SRS893327		SAMN03351602	PRJNA275349	Illumina HiSeq 2000	Illumina HiSeq 2000	ILLUMINA	20449882	2043360735	SRR1952562	20449882	4130876164
SRP056641	Human Microbiome Environment Metagenome	SRX978490		Metagenomics of human microbiome	646099	human metagenome	700172942_zs1_G_DNA_Anterior_nares	WGS	METAGENOMIC	RANDOM	PAIRED	SRS893326		SAMN03351717	PRJNA275349	Illumina HiSeq 2000	Illumina HiSeq 2000	ILLUMINA	18607243	183497457	SRR1952563	18607243	3758663086
SRP056641	Human Microbiome Environment Metagenome	SRX978491		Metagenomics of human microbiome	646099	human metagenome	700163313_zo7_G_DNA_Supragingival_plaque	WGS	METAGENOMIC	RANDOM	PAIRED	SRS893325		SAMN03351622	PRJNA275349	Illumina HiSeq 2000	Illumina HiSeq 2000	ILLUMINA	13868160	1214898521	SRR1952564	13868160	2801368320
SRP056641	Human Microbiome Environment Metagenome	SRX978493		Metagenomics of human microbiome	646099	human metagenome	700161421_zo9_G_DNA_Tongue_dorsum	WGS	METAGENOMIC	RANDOM	PAIRED	SRS893324		SAMN03351596	PRJNA275349	Illumina HiSeq 2000	Illumina HiSeq 2000	ILLUMINA	17417070	1647320343	SRR1952566	17417070	3518248140
SRP056641	Human Microbiome Environment Metagenome	SRX978494		Metagenomics of human microbiome	646099	human metagenome	700161427_zo7_G_DNA_Supragingival_plaque	WGS	METAGENOMIC	RANDOM	PAIRED	SRS893333		SAMN03351598	PRJNA275349	Illumina HiSeq 2000	Illumina HiSeq 2000	ILLUMINA	32453927	2814839613	SRR1952567	32453927	6555693254
SRP056641	Human Microbiome Environment Metagenome	SRX978495		Metagenomics of human microbiome	646099	human metagenome	700172936_zo7_G_DNA_Supragingival_plaque	WGS	METAGENOMIC	RANDOM	PAIRED	SRS893328		SAMN03351716	PRJNA275349	Illumina HiSeq 2000	Illumina HiSeq 2000	ILLUMINA	22697284	2093202769	SRR1952568	22697284	4584851368
SRP056641	Human Microbiome Environment Metagenome	SRX978496		Metagenomics of human microbiome	646099	human metagenome	700165055_zo9_G_DNA_Tongue_dorsum	WGS	METAGENOMIC	RANDOM	PAIRED	SRS893332		SAMN03351639	PRJNA275349	Illumina HiSeq 2000	Illumina HiSeq 2000	ILLUMINA	10343666	745637156	SRR1952569	10343666	2089420532
SRP056641	Human Microbiome Environment Metagenome	SRX978498		Metagenomics of human microbiome	646099	human metagenome	700172932_zo1_G_DNA_Buccal_mucosa	WGS	METAGENOMIC	RANDOM	PAIRED	SRS893330		SAMN03351715	PRJNA275349	Illumina HiSeq 2000	Illumina HiSeq 2000	ILLUMINA	23570624	583659045	SRR1952570	23570624	4761266048
SRP056641	Human Microbiome Environment Metagenome	SRX978499		Metagenomics of human microbiome	646099	human metagenome	700165727_zs1_G_DNA_Anterior_nares	WGS	METAGENOMIC	RANDOM	PAIRED	SRS893329		SAMN03351658	PRJNA275349	Illumina HiSeq 2000	Illumina HiSeq 2000	ILLUMINA	13286739	87797714	SRR1952571	13286739	2683921278
SRP056641	Human Microbiome Environment Metagenome	SRX978500		Metagenomics of human microbiome	646099	human metagenome	700165721_zo7_G_DNA_Supragingival_plaque	WGS	METAGENOMIC	RANDOM	PAIRED	SRS893335		SAMN03351657	PRJNA275349	Illumina HiSeq 2000	Illumina HiSeq 2000	ILLUMINA	27408117	2298204945	SRR1952572	27408117	5536439634
SRP056641	Human Microbiome Environment Metagenome	SRX978501		Metagenomics of human microbiome	646099	human metagenome	700173333_zo1_G_DNA_Buccal_mucosa	WGS	METAGENOMIC	RANDOM	PAIRED	SRS893334		SAMN03351721	PRJNA275349	Illumina HiSeq 2000	Illumina HiSeq 2000	ILLUMINA	16776162	523490774	SRR1952573	16776162	3388784724
SRP056641	Human Microbiome Environment Metagenome	SRX978502		Metagenomics of human microbiome	646099	human metagenome	700173320_zg_G_DNA_Stool	WGS	METAGENOMIC	RANDOM	PAIRED	SRS893341		SAMN03351718	PRJNA275349	Illumina HiSeq 2000	Illumina HiSeq 2000	ILLUMINA	29967944	2795120045	SRR1952575	29967944	6053524688
SRP056641	Human Microbiome Environment Metagenome	SRX978503		Metagenomics of human microbiome	646099	human metagenome	700173325_zs1_G_DNA_Anterior_nares	WGS	METAGENOMIC	RANDOM	PAIRED	SRS893340		SAMN03351719	PRJNA275349	Illumina HiSeq 2000	Illumina HiSeq 2000	ILLUMINA	15459468	231169943	SRR1952576	15459468	3122812536
SRP056641	Human Microbiome Environment Metagenome	SRX978504		Metagenomics of human microbiome	646099	human metagenome	700165214_zo7_G_DNA_Supragingival_plaque	WGS	METAGENOMIC	RANDOM	PAIRED	SRS893339		SAMN03351644	PRJNA275349	Illumina HiSeq 2000	Illumina HiSeq 2000	ILLUMINA	12211204	907714091	SRR1952577	12211204	2466663208
SRP056641	Human Microbiome Environment Metagenome	SRX978505		Metagenomics of human microbiome	646099	human metagenome	700165057_zo1_G_DNA_Buccal_mucosa	WGS	METAGENOMIC	RANDOM	PAIRED	SRS893336		SAMN03351640	PRJNA275349	Illumina HiSeq 2000	Illumina HiSeq 2000	ILLUMINA	14333724	317859976	SRR1952578	14333724	2895412248
SRP056641	Human Microbiome Environment Metagenome	SRX978506		Metagenomics of human microbiome	646099	human metagenome	700165061_zo7_G_DNA_Supragingival_plaque	WGS	METAGENOMIC	RANDOM	PAIRED	SRS893338		SAMN03351641	PRJNA275349	Illumina HiSeq 2000	Illumina HiSeq 2000	ILLUMINA	23728979	2066504289	SRR1952579	23728979	4793253758
SRP056641	Human Microbiome Environment Metagenome	SRX978507		Metagenomics of human microbiome	646099	human metagenome	700165210_zo1_G_DNA_Buccal_mucosa	WGS	METAGENOMIC	RANDOM	PAIRED	SRS893337		SAMN03351643	PRJNA275349	Illumina HiSeq 2000	Illumina HiSeq 2000	ILLUMINA	12308733	361881622	SRR1952580	12308733	2486364066
SRP056641	Human Microbiome Environment Metagenome	SRX978508		Metagenomics of human microbiome	646099	human metagenome	700163129_zs1_G_DNA_Anterior_nares	WGS	METAGENOMIC	RANDOM	PAIRED	SRS893343		SAMN03351612	PRJNA275349	Illumina HiSeq 2000	Illumina HiSeq 2000	ILLUMINA	6312830	90416670	SRR1952581	6312830	1275191660
SRP056641	Human Microbiome Environment Metagenome	SRX978509		Metagenomics of human microbiome	646099	human metagenome	700165224_zg_G_DNA_Stool	WGS	METAGENOMIC	RANDOM	PAIRED	SRS893342		SAMN03351647	PRJNA275349	Illumina HiSeq 2000	Illumina HiSeq 2000	ILLUMINA	18694755	1666260653	SRR1952582	18694755	3776340510
SRP056641	Human Microbiome Environment Metagenome	SRX978510		Metagenomics of human microbiome	646099	human metagenome	700163132_zv2_G_DNA_Posterior_fornix	WGS	METAGENOMIC	RANDOM	PAIRED	SRS893344		SAMN03351613	PRJNA275349	Illumina HiSeq 2000	Illumina HiSeq 2000	ILLUMINA	18011111	139323378	SRR1952583	18011111	3638244422
SRP056641	Human Microbiome Environment Metagenome	SRX978511		Metagenomics of human microbiome	646099	human metagenome	700165715_zo9_G_DNA_Tongue_dorsum	WGS	METAGENOMIC	RANDOM	PAIRED	SRS893346		SAMN03351655	PRJNA275349	Illumina HiSeq 2000	Illumina HiSeq 2000	ILLUMINA	30950992	2184632403	SRR1952584	30950992	6252100384
SRP056641	Human Microbiome Environment Metagenome	SRX978513		Metagenomics of human microbiome	646099	human metagenome	700163139_zo1_G_DNA_Buccal_mucosa	WGS	METAGENOMIC	RANDOM	PAIRED	SRS893349		SAMN03351615	PRJNA275349	Illumina HiSeq 2000	Illumina HiSeq 2000	ILLUMINA	16496779	482244416	SRR1952586	16496779	3332349358
SRP056641	Human Microbiome Environment Metagenome	SRX978514		Metagenomics of human microbiome	646099	human metagenome	700165208_zo9_G_DNA_Tongue_dorsum	WGS	METAGENOMIC	RANDOM	PAIRED	SRS893348		SAMN03351642	PRJNA275349	Illumina HiSeq 2000	Illumina HiSeq 2000	ILLUMINA	24824267	2088111606	SRR1952587	24824267	5014501934
SRP056641	Human Microbiome Environment Metagenome	SRX978515		Metagenomics of human microbiome	646099	human metagenome	700173692_zo7_G_DNA_Supragingival_plaque	WGS	METAGENOMIC	RANDOM	PAIRED	SRS893347		SAMN03351725	PRJNA275349	Illumina HiSeq 2000	Illumina HiSeq 2000	ILLUMINA	13421077	1022999995	SRR1952588	13421077	2711057554
SRP056641	Human Microbiome Environment Metagenome	SRX978516		Metagenomics of human microbiome	646099	human metagenome	700163405_zo1_G_DNA_Buccal_mucosa	WGS	METAGENOMIC	RANDOM	PAIRED	SRS893354		SAMN03351624	PRJNA275349	Illumina HiSeq 2000	Illumina HiSeq 2000	ILLUMINA	19744581	253723751	SRR1952589	19744581	3988405362
SRP056641	Human Microbiome Environment Metagenome	SRX978517		Metagenomics of human microbiome	646099	human metagenome	700163403_zo9_G_DNA_Tongue_dorsum	WGS	METAGENOMIC	RANDOM	PAIRED	SRS893353		SAMN03351623	PRJNA275349	Illumina HiSeq 2000	Illumina HiSeq 2000	ILLUMINA	26653350	2387376904	SRR1952590	26653350	5383976700
SRP056641	Human Microbiome Environment Metagenome	SRX978518		Metagenomics of human microbiome	646099	human metagenome	700163135_zo9_G_DNA_Tongue_dorsum	WGS	METAGENOMIC	RANDOM	PAIRED	SRS893352		SAMN03351614	PRJNA275349	Illumina HiSeq 2000	Illumina HiSeq 2000	ILLUMINA	37731167	3333911265	SRR1952591	37731167	7621695734
SRP056641	Human Microbiome Environment Metagenome	SRX978519		Metagenomics of human microbiome	646099	human metagenome	700165220_zs1_G_DNA_Anterior_nares	WGS	METAGENOMIC	RANDOM	PAIRED	SRS893351		SAMN03351645	PRJNA275349	Illumina HiSeq 2000	Illumina HiSeq 2000	ILLUMINA	29875085	289333543	SRR1952592	29875085	6034767170
SRP056641	Human Microbiome Environment Metagenome	SRX978520		Metagenomics of human microbiome	646099	human metagenome	700173331_zo9_G_DNA_Tongue_dorsum	WGS	METAGENOMIC	RANDOM	PAIRED	SRS893350		SAMN03351720	PRJNA275349	Illumina HiSeq 2000	Illumina HiSeq 2000	ILLUMINA	70005958	6547594679	SRR1952593	70005958	14141203516
SRP056641	Human Microbiome Environment Metagenome	SRX978521		Metagenomics of human microbiome	646099	human metagenome	700163415_zs1_G_DNA_Anterior_nares	WGS	METAGENOMIC	RANDOM	PAIRED	SRS893356		SAMN03351625	PRJNA275349	Illumina HiSeq 2000	Illumina HiSeq 2000	ILLUMINA	20125488	129033070	SRR1952594	20125488	4065348576
SRP056641	Human Microbiome Environment Metagenome	SRX978522		Metagenomics of human microbiome	646099	human metagenome	700163141_zo7_G_DNA_Supragingival_plaque	WGS	METAGENOMIC	RANDOM	PAIRED	SRS893355		SAMN03351616	PRJNA275349	Illumina HiSeq 2000	Illumina HiSeq 2000	ILLUMINA	22963027	1932386255	SRR1952595	22963027	4638531454
SRP056641	Human Microbiome Environment Metagenome	SRX978523		Metagenomics of human microbiome	646099	human metagenome	700172339_zo1_G_DNA_Buccal_mucosa	WGS	METAGENOMIC	RANDOM	PAIRED	SRS893360		SAMN03351704	PRJNA275349	Illumina HiSeq 2000	Illumina HiSeq 2000	ILLUMINA	11273950	486713150	SRR1952596	11273950	2277337900
SRP056641	Human Microbiome Environment Metagenome	SRX978524		Metagenomics of human microbiome	646099	human metagenome	700172342_zo9_G_DNA_Tongue_dorsum	WGS	METAGENOMIC	RANDOM	PAIRED	SRS893359		SAMN03351705	PRJNA275349	Illumina HiSeq 2000	Illumina HiSeq 2000	ILLUMINA	14903639	1385309994	SRR1952597	14903639	3010535078
SRP056641	Human Microbiome Environment Metagenome	SRX978525		Metagenomics of human microbiome	646099	human metagenome	700172346_zg_G_DNA_Stool	WGS	METAGENOMIC	RANDOM	PAIRED	SRS893358		SAMN03351706	PRJNA275349	Illumina HiSeq 2000	Illumina HiSeq 2000	ILLUMINA	14548832	1365773777	SRR1952598	14548832	2938864064
SRP056641	Human Microbiome Environment Metagenome	SRX978526		Metagenomics of human microbiome	646099	human metagenome	700172354_zv2_G_DNA_Posterior_fornix	WGS	METAGENOMIC	RANDOM	PAIRED	SRS893357		SAMN03351707	PRJNA275349	Illumina HiSeq 2000	Illumina HiSeq 2000	ILLUMINA	15572316	121148117	SRR1952599	15572316	3145607832
SRP056641	Human Microbiome Environment Metagenome	SRX978527		Metagenomics of human microbiome	646099	human metagenome	700173687_zo9_G_DNA_Tongue_dorsum	WGS	METAGENOMIC	RANDOM	PAIRED	SRS893365		SAMN03351724	PRJNA275349	Illumina HiSeq 2000	Illumina HiSeq 2000	ILLUMINA	32776199	2949735651	SRR1952600	32776199	6620792198
SRP056641	Human Microbiome Environment Metagenome	SRX978528		Metagenomics of human microbiome	646099	human metagenome	700163418_zv2_G_DNA_Posterior_fornix	WGS	METAGENOMIC	RANDOM	PAIRED	SRS893364		SAMN03351626	PRJNA275349	Illumina HiSeq 2000	Illumina HiSeq 2000	ILLUMINA	32375337	536382373	SRR1952601	32375337	6539818074
SRP056641	Human Microbiome Environment Metagenome	SRX978529		Metagenomics of human microbiome	646099	human metagenome	700161329_zo9_G_DNA_Tongue_dorsum	WGS	METAGENOMIC	RANDOM	PAIRED	SRS893363		SAMN03351591	PRJNA275349	Illumina HiSeq 2000	Illumina HiSeq 2000	ILLUMINA	14542574	1328191713	SRR1952602	14542574	2937599948
SRP056641	Human Microbiome Environment Metagenome	SRX978530		Metagenomics of human microbiome	646099	human metagenome	700119929_zo1_G_DNA_Buccal_mucosa	WGS	METAGENOMIC	RANDOM	PAIRED	SRS893362		SAMN03351527	PRJNA275349	Illumina HiSeq 2000	Illumina HiSeq 2000	ILLUMINA	15215393	164603085	SRR1952603	15215393	3073509386
SRP056641	Human Microbiome Environment Metagenome	SRX978531		Metagenomics of human microbiome	646099	human metagenome	700173337_zo7_G_DNA_Supragingival_plaque	WGS	METAGENOMIC	RANDOM	PAIRED	SRS893361		SAMN03351722	PRJNA275349	Illumina HiSeq 2000	Illumina HiSeq 2000	ILLUMINA	10077354	676780629	SRR1952604	10077354	2035625508
SRP056641	Human Microbiome Environment Metagenome	SRX978532		Metagenomics of human microbiome	646099	human metagenome	700097973_zg_G_DNA_Stool	WGS	METAGENOMIC	RANDOM	PAIRED	SRS893366		SAMN03351488	PRJNA275349	Illumina HiSeq 2000	Illumina HiSeq 2000	ILLUMINA	16179791	1508675061	SRR1952605	16179791	3268317782
SRP056641	Human Microbiome Environment Metagenome	SRX978533		Metagenomics of human microbiome	646099	human metagenome	700161341_zs1_G_DNA_Anterior_nares	WGS	METAGENOMIC	RANDOM	PAIRED	SRS893372		SAMN03351594	PRJNA275349	Illumina HiSeq 2000	Illumina HiSeq 2000	ILLUMINA	27806025	293673805	SRR1952606	27806025	5616817050
SRP056641	Human Microbiome Environment Metagenome	SRX978534		Metagenomics of human microbiome	646099	human metagenome	700122204_zo1_G_DNA_Buccal_mucosa	WGS	METAGENOMIC	RANDOM	PAIRED	SRS893368		SAMN03351551	PRJNA275349	Illumina HiSeq 2000	Illumina HiSeq 2000	ILLUMINA	21065681	325210803	SRR1952607	21065681	4255267562
SRP056641	Human Microbiome Environment Metagenome	SRX978535		Metagenomics of human microbiome	646099	human metagenome	700122224_zs1_G_DNA_Anterior_nares	WGS	METAGENOMIC	RANDOM	PAIRED	SRS893367		SAMN03351553	PRJNA275349	Illumina HiSeq 2000	Illumina HiSeq 2000	ILLUMINA	16321466	384643466	SRR1952608	16321466	3296936132
SRP056641	Human Microbiome Environment Metagenome	SRX978536		Metagenomics of human microbiome	646099	human metagenome	700109265_zo9_G_DNA_Tongue_dorsum	WGS	METAGENOMIC	RANDOM	PAIRED	SRS893371		SAMN03351504	PRJNA275349	Illumina HiSeq 2000	Illumina HiSeq 2000	ILLUMINA	27138496	2120477881	SRR1952609	27138496	5481976192
SRP056641	Human Microbiome Environment Metagenome	SRX978538		Metagenomics of human microbiome	646099	human metagenome	700167759_zg_G_DNA_Stool	WGS	METAGENOMIC	RANDOM	PAIRED	SRS893369		SAMN03351683	PRJNA275349	Illumina HiSeq 2000	Illumina HiSeq 2000	ILLUMINA	14349772	1322500291	SRR1952610	14349772	2898653944
SRP056641	Human Microbiome Environment Metagenome	SRX978539		Metagenomics of human microbiome	646099	human metagenome	700122212_zo7_G_DNA_Supragingival_plaque	WGS	METAGENOMIC	RANDOM	PAIRED	SRS893374		SAMN03351552	PRJNA275349	Illumina HiSeq 2000	Illumina HiSeq 2000	ILLUMINA	28677800	1737531945	SRR1952611	28677800	5792915600
SRP056641	Human Microbiome Environment Metagenome	SRX978540		Metagenomics of human microbiome	646099	human metagenome	700163419_zg_G_DNA_Stool	WGS	METAGENOMIC	RANDOM	PAIRED	SRS893373		SAMN03351627	PRJNA275349	Illumina HiSeq 2000	Illumina HiSeq 2000	ILLUMINA	32511656	3033498461	SRR1952613	32511656	6567354512
SRP056641	Human Microbiome Environment Metagenome	SRX978541		Metagenomics of human microbiome	646099	human metagenome	700122878_zs1_G_DNA_Anterior_nares	WGS	METAGENOMIC	RANDOM	PAIRED	SRS893375		SAMN03351570	PRJNA275349	Illumina HiSeq 2000	Illumina HiSeq 2000	ILLUMINA	12423918	230160899	SRR1952614	12423918	2509631436
SRP056641	Human Microbiome Environment Metagenome	SRX978542		Metagenomics of human microbiome	646099	human metagenome	700122200_zo9_G_DNA_Tongue_dorsum	WGS	METAGENOMIC	RANDOM	PAIRED	SRS893377		SAMN03351550	PRJNA275349	Illumina HiSeq 2000	Illumina HiSeq 2000	ILLUMINA	23676919	1779606630	SRR1952615	23676919	4782737638
SRP056641	Human Microbiome Environment Metagenome	SRX978543		Metagenomics of human microbiome	646099	human metagenome	700166874_zo7_G_DNA_Supragingival_plaque	WGS	METAGENOMIC	RANDOM	PAIRED	SRS893376		SAMN03351675	PRJNA275349	Illumina HiSeq 2000	Illumina HiSeq 2000	ILLUMINA	7730730	457473913	SRR1952616	7730730	1561607460
SRP056641	Human Microbiome Environment Metagenome	SRX978544		Metagenomics of human microbiome	646099	human metagenome	700097482_zg_G_DNA_Stool	WGS	METAGENOMIC	RANDOM	PAIRED	SRS893383		SAMN03351485	PRJNA275349	Illumina HiSeq 2000	Illumina HiSeq 2000	ILLUMINA	37013234	3498500426	SRR1952617	37013234	7476673268
SRP056641	Human Microbiome Environment Metagenome	SRX978545		Metagenomics of human microbiome	646099	human metagenome	700123135_zg_G_DNA_Stool	WGS	METAGENOMIC	RANDOM	PAIRED	SRS893382		SAMN03351571	PRJNA275349	Illumina HiSeq 2000	Illumina HiSeq 2000	ILLUMINA	24470849	2349319335	SRR1952618	24470849	4943111498
SRP056641	Human Microbiome Environment Metagenome	SRX978546		Metagenomics of human microbiome	646099	human metagenome	700166870_zo1_G_DNA_Buccal_mucosa	WGS	METAGENOMIC	RANDOM	PAIRED	SRS893381		SAMN03351674	PRJNA275349	Illumina HiSeq 2000	Illumina HiSeq 2000	ILLUMINA	19660632	412838126	SRR1952619	19660632	3971447664
SRP056641	Human Microbiome Environment Metagenome	SRX978547		Metagenomics of human microbiome	646099	human metagenome	700166862_zg_G_DNA_Stool	WGS	METAGENOMIC	RANDOM	PAIRED	SRS893380		SAMN03351672	PRJNA275349	Illumina HiSeq 2000	Illumina HiSeq 2000	ILLUMINA	26566652	2485459772	SRR1952620	26566652	5366463704
SRP056641	Human Microbiome Environment Metagenome	SRX978548		Metagenomics of human microbiome	646099	human metagenome	700161342_zg_G_DNA_Stool	WGS	METAGENOMIC	RANDOM	PAIRED	SRS893378		SAMN03351595	PRJNA275349	Illumina HiSeq 2000	Illumina HiSeq 2000	ILLUMINA	31438912	2910635913	SRR1952621	31438912	6350660224
SRP056641	Human Microbiome Environment Metagenome	SRX978549		Metagenomics of human microbiome	646099	human metagenome	700166868_zo9_G_DNA_Tongue_dorsum	WGS	METAGENOMIC	RANDOM	PAIRED	SRS893379		SAMN03351673	PRJNA275349	Illumina HiSeq 2000	Illumina HiSeq 2000	ILLUMINA	19582985	1801951327	SRR1952622	19582985	3955762970
SRP056641	Human Microbiome Environment Metagenome	SRX978550		Metagenomics of human microbiome	646099	human metagenome	700161335_zo7_G_DNA_Supragingival_plaque	WGS	METAGENOMIC	RANDOM	PAIRED	SRS893385		SAMN03351593	PRJNA275349	Illumina HiSeq 2000	Illumina HiSeq 2000	ILLUMINA	42484177	3639709186	SRR1952623	42484177	8581803754
SRP056641	Human Microbiome Environment Metagenome	SRX978551		Metagenomics of human microbiome	646099	human metagenome	700166880_zs1_G_DNA_Anterior_nares	WGS	METAGENOMIC	RANDOM	PAIRED	SRS893384		SAMN03351676	PRJNA275349	Illumina HiSeq 2000	Illumina HiSeq 2000	ILLUMINA	27271312	435714565	SRR1952624	27271312	5508805024
SRP056641	Human Microbiome Environment Metagenome	SRX1072533	Illumina HiSeq 2000 Reads of HMP Phase 3 Metagenomic Pools	Illumina HiSeq 2000 Reads of HMP Phase 3 Metagenomic Pools	646099	human metagenome		WGS	METAGENOMIC	RANDOM	PAIRED	SRS971428		SAMN03351459	PRJNA275349	Illumina HiSeq 2000	Illumina HiSeq 2000	ILLUMINA	28727141	617894415	SRR2077399	28727141	5802882482
SRP056641	Human Microbiome Environment Metagenome	SRX1072534	Illumina HiSeq 2000 Reads of HMP Phase 3 Metagenomic Pools	Illumina HiSeq 2000 Reads of HMP Phase 3 Metagenomic Pools	646099	human metagenome		WGS	METAGENOMIC	RANDOM	PAIRED	SRS971427		SAMN03351465	PRJNA275349	Illumina HiSeq 2000	Illumina HiSeq 2000	ILLUMINA	30307562	444965420	SRR2077400	30307562	6122127524
SRP056641	Human Microbiome Environment Metagenome	SRX1072535	Illumina HiSeq 2000 Reads of HMP Phase 3 Metagenomic Pools	Illumina HiSeq 2000 Reads of HMP Phase 3 Metagenomic Pools	646099	human metagenome		WGS	METAGENOMIC	RANDOM	PAIRED	SRS971277		SAMN03351470	PRJNA275349	Illumina HiSeq 2000	Illumina HiSeq 2000	ILLUMINA	46200835	3792225744	SRR2077401	46200835	9332568670
SRP056641	Human Microbiome Environment Metagenome	SRX1072536	Illumina HiSeq 2000 Reads of HMP Phase 3 Metagenomic Pools	Illumina HiSeq 2000 Reads of HMP Phase 3 Metagenomic Pools	646099	human metagenome		WGS	METAGENOMIC	RANDOM	PAIRED	SRS971276		SAMN03351484	PRJNA275349	Illumina HiSeq 2000	Illumina HiSeq 2000	ILLUMINA	29005070	2679066296	SRR2077402	29005070	5859024140
SRP056641	Human Microbiome Environment Metagenome	SRX1072537	Illumina HiSeq 2000 Reads of HMP Phase 3 Metagenomic Pools	Illumina HiSeq 2000 Reads of HMP Phase 3 Metagenomic Pools	646099	human metagenome		WGS	METAGENOMIC	RANDOM	PAIRED	SRS971275		SAMN03351489	PRJNA275349	Illumina HiSeq 2000	Illumina HiSeq 2000	ILLUMINA	27145115	2536173679	SRR2077403	27145115	5483313230
SRP056641	Human Microbiome Environment Metagenome	SRX1160046		Metagenomics of human microbiome	646099	human metagenome	700013588_zg_G_DNA_Stool	WGS	METAGENOMIC	RANDOM	PAIRED	SRS1041031		SAMN03351441	PRJNA275349	Illumina HiSeq 2000	Illumina HiSeq 2000	ILLUMINA	16671484	1519107218	SRR2175645	16671484	3367639768
SRP056641	Human Microbiome Environment Metagenome	SRX1160047		Metagenomics of human microbiome	646099	human metagenome	700013597_zg_G_DNA_Stool	WGS	METAGENOMIC	RANDOM	PAIRED	SRS1041032		SAMN03351442	PRJNA275349	Illumina HiSeq 2000	Illumina HiSeq 2000	ILLUMINA	12245781	1150445431	SRR2175647	12245781	2473647762
SRP056641	Human Microbiome Environment Metagenome	SRX1160048		Metagenomics of human microbiome	646099	human metagenome	700013600_zg_G_DNA_Stool	WGS	METAGENOMIC	RANDOM	PAIRED	SRS1041033		SAMN03351443	PRJNA275349	Illumina HiSeq 2000	Illumina HiSeq 2000	ILLUMINA	15032249	1403896428	SRR2175649	15032249	3036514298
SRP056641	Human Microbiome Environment Metagenome	SRX1160050		Metagenomics of human microbiome	646099	human metagenome	700013603_zg_G_DNA_Stool	WGS	METAGENOMIC	RANDOM	PAIRED	SRS1041036		SAMN03351444	PRJNA275349	Illumina HiSeq 2000	Illumina HiSeq 2000	ILLUMINA	21158614	1914146469	SRR2175654	21158614	4274040028
SRP056641	Human Microbiome Environment Metagenome	SRX1160052		Metagenomics of human microbiome	646099	human metagenome	700013672_zg_G_DNA_Stool	WGS	METAGENOMIC	RANDOM	PAIRED	SRS1041037		SAMN03351445	PRJNA275349	Illumina HiSeq 2000	Illumina HiSeq 2000	ILLUMINA	16340005	1471586236	SRR2175658	16340005	3300681010
SRP056641	Human Microbiome Environment Metagenome	SRX1160053		Metagenomics of human microbiome	646099	human metagenome	700013693_zg_G_DNA_Stool	WGS	METAGENOMIC	RANDOM	PAIRED	SRS1041038		SAMN03351446	PRJNA275349	Illumina HiSeq 2000	Illumina HiSeq 2000	ILLUMINA	12679039	1142483247	SRR2175659	12679039	2561165878
SRP056641	Human Microbiome Environment Metagenome	SRX1160054		Metagenomics of human microbiome	646099	human metagenome	700014386_zg_G_DNA_Stool	WGS	METAGENOMIC	RANDOM	PAIRED	SRS1041039		SAMN03351447	PRJNA275349	Illumina HiSeq 2000	Illumina HiSeq 2000	ILLUMINA	23330580	2118498244	SRR2175670	23330580	4712777160
SRP056641	Human Microbiome Environment Metagenome	SRX1160106		Metagenomics of human microbiome	646099	human metagenome	700014486_zg_G_DNA_Stool	WGS	METAGENOMIC	RANDOM	PAIRED	SRS1041090		SAMN03351448	PRJNA275349	Illumina HiSeq 2000	Illumina HiSeq 2000	ILLUMINA	13987801	1321703619	SRR2175721	13987801	2825535802
SRP056641	Human Microbiome Environment Metagenome	SRX1160107		Metagenomics of human microbiome	646099	human metagenome	700014498_zg_G_DNA_Stool	WGS	METAGENOMIC	RANDOM	PAIRED	SRS1041091		SAMN03351449	PRJNA275349	Illumina HiSeq 2000	Illumina HiSeq 2000	ILLUMINA	14835795	1387106938	SRR2175723	14835795	2996830590
SRP056641	Human Microbiome Environment Metagenome	SRX1160108		Metagenomics of human microbiome	646099	human metagenome	700014556_zg_G_DNA_Stool	WGS	METAGENOMIC	RANDOM	PAIRED	SRS1041092		SAMN03351450	PRJNA275349	Illumina HiSeq 2000	Illumina HiSeq 2000	ILLUMINA	19948605	1866286485	SRR2175724	19948605	4029618210
SRP056641	Human Microbiome Environment Metagenome	SRX1160109		Metagenomics of human microbiome	646099	human metagenome	700015114_zg_G_DNA_Stool	WGS	METAGENOMIC	RANDOM	PAIRED	SRS1041093		SAMN03351451	PRJNA275349	Illumina HiSeq 2000	Illumina HiSeq 2000	ILLUMINA	23074774	2105514934	SRR2175725	23074774	4661104348
SRP056641	Human Microbiome Environment Metagenome	SRX1160110		Metagenomics of human microbiome	646099	human metagenome	700015182_zg_G_DNA_Stool	WGS	METAGENOMIC	RANDOM	PAIRED	SRS1041094		SAMN03351452	PRJNA275349	Illumina HiSeq 2000	Illumina HiSeq 2000	ILLUMINA	22084644	2057710262	SRR2175726	22084644	4461098088
SRP056641	Human Microbiome Environment Metagenome	SRX1160111		Metagenomics of human microbiome	646099	human metagenome	700016000_zg_G_DNA_Stool	WGS	METAGENOMIC	RANDOM	PAIRED	SRS1041095		SAMN03351453	PRJNA275349	Illumina HiSeq 2000	Illumina HiSeq 2000	ILLUMINA	22109966	2005560279	SRR2175727	22109966	4466213132
SRP056641	Human Microbiome Environment Metagenome	SRX1160112		Metagenomics of human microbiome	646099	human metagenome	700016120_zg_G_DNA_Stool	WGS	METAGENOMIC	RANDOM	PAIRED	SRS1041112		SAMN03351454	PRJNA275349	Illumina HiSeq 2000	Illumina HiSeq 2000	ILLUMINA	17967094	1653827380	SRR2175728	17967094	3629352988
SRP056641	Human Microbiome Environment Metagenome	SRX1160129		Metagenomics of human microbiome	646099	human metagenome	700016543_zg_G_DNA_Stool	WGS	METAGENOMIC	RANDOM	PAIRED	SRS1041113		SAMN03351455	PRJNA275349	Illumina HiSeq 2000	Illumina HiSeq 2000	ILLUMINA	17056440	1574822031	SRR2175745	17056440	3445400880
SRP056641	Human Microbiome Environment Metagenome	SRX1160130		Metagenomics of human microbiome	646099	human metagenome	700016577_zo9_G_DNA_Tongue_dorsum	WGS	METAGENOMIC	RANDOM	PAIRED	SRS1041114		SAMN03351456	PRJNA275349	Illumina HiSeq 2000	Illumina HiSeq 2000	ILLUMINA	23717499	1743020230	SRR2175746	23717499	4790934798
SRP056641	Human Microbiome Environment Metagenome	SRX1160131		Metagenomics of human microbiome	646099	human metagenome	700016581_zo1_G_DNA_Buccal_mucosa	WGS	METAGENOMIC	RANDOM	PAIRED	SRS1041115		SAMN03351457	PRJNA275349	Illumina HiSeq 2000	Illumina HiSeq 2000	ILLUMINA	22935101	1085203550	SRR2175747	22935101	4632890402
SRP056641	Human Microbiome Environment Metagenome	SRX1160132		Metagenomics of human microbiome	646099	human metagenome	700016589_zo7_G_DNA_Supragingival_plaque	WGS	METAGENOMIC	RANDOM	PAIRED	SRS1041117		SAMN03351458	PRJNA275349	Illumina HiSeq 2000	Illumina HiSeq 2000	ILLUMINA	18842010	1548461672	SRR2175748	18842010	3806086020
SRP056641	Human Microbiome Environment Metagenome	SRX1160133		Metagenomics of human microbiome	646099	human metagenome	700016608_zg_G_DNA_Stool	WGS	METAGENOMIC	RANDOM	PAIRED	SRS1041116		SAMN03351460	PRJNA275349	Illumina HiSeq 2000	Illumina HiSeq 2000	ILLUMINA	9903802	922856982	SRR2175749	9903802	2000568004
SRP056641	Human Microbiome Environment Metagenome	SRX1160134		Metagenomics of human microbiome	646099	human metagenome	700016902_zg_G_DNA_Stool	WGS	METAGENOMIC	RANDOM	PAIRED	SRS1041118		SAMN03351461	PRJNA275349	Illumina HiSeq 2000	Illumina HiSeq 2000	ILLUMINA	23168235	2156891824	SRR2175750	23168235	4679983470
SRP056641	Human Microbiome Environment Metagenome	SRX1160135		Metagenomics of human microbiome	646099	human metagenome	700016908_zo9_G_DNA_Tongue_dorsum	WGS	METAGENOMIC	RANDOM	PAIRED	SRS1041119		SAMN03351462	PRJNA275349	Illumina HiSeq 2000	Illumina HiSeq 2000	ILLUMINA	19203835	1357008351	SRR2175751	19203835	3879174670
SRP056641	Human Microbiome Environment Metagenome	SRX1160136		Metagenomics of human microbiome	646099	human metagenome	700016910_zo1_G_DNA_Buccal_mucosa	WGS	METAGENOMIC	RANDOM	PAIRED	SRS1041120		SAMN03351463	PRJNA275349	Illumina HiSeq 2000	Illumina HiSeq 2000	ILLUMINA	17349791	449123947	SRR2175752	17349791	3504657782
SRP056641	Human Microbiome Environment Metagenome	SRX1160137		Metagenomics of human microbiome	646099	human metagenome	700016914_zo7_G_DNA_Supragingival_plaque	WGS	METAGENOMIC	RANDOM	PAIRED	SRS1041121		SAMN03351464	PRJNA275349	Illumina HiSeq 2000	Illumina HiSeq 2000	ILLUMINA	19967461	1783339462	SRR2175753	19967461	4033427122
SRP056641	Human Microbiome Environment Metagenome	SRX1160138		Metagenomics of human microbiome	646099	human metagenome	700021123_zg_G_DNA_Stool	WGS	METAGENOMIC	RANDOM	PAIRED	SRS893252		SAMN03351466	PRJNA275349	Illumina HiSeq 2000	Illumina HiSeq 2000	ILLUMINA	187550	17710435	SRR2175754	187550	37885100
SRP056641	Human Microbiome Environment Metagenome	SRX1160139		Metagenomics of human microbiome	646099	human metagenome	700032138_zg_G_DNA_Stool	WGS	METAGENOMIC	RANDOM	PAIRED	SRS1041122		SAMN03351468	PRJNA275349	Illumina HiSeq 2000	Illumina HiSeq 2000	ILLUMINA	20029957	1825668402	SRR2175755	20029957	4046051314
SRP056641	Human Microbiome Environment Metagenome	SRX1160140		Metagenomics of human microbiome	646099	human metagenome	700032223_zg_G_DNA_Stool	WGS	METAGENOMIC	RANDOM	PAIRED	SRS1041124		SAMN03351469	PRJNA275349	Illumina HiSeq 2000	Illumina HiSeq 2000	ILLUMINA	7026286	641305208	SRR2175756	7026286	1419309772
SRP056641	Human Microbiome Environment Metagenome	SRX1160141		Metagenomics of human microbiome	646099	human metagenome	700032261_zo1_G_DNA_Buccal_mucosa	WGS	METAGENOMIC	RANDOM	PAIRED	SRS1041123		SAMN03351471	PRJNA275349	Illumina HiSeq 2000	Illumina HiSeq 2000	ILLUMINA	13237424	253372530	SRR2175757	13237424	2673959648
SRP056641	Human Microbiome Environment Metagenome	SRX1160142		Metagenomics of human microbiome	646099	human metagenome	700032269_zo7_G_DNA_Supragingival_plaque	WGS	METAGENOMIC	RANDOM	PAIRED	SRS1041125		SAMN03351472	PRJNA275349	Illumina HiSeq 2000	Illumina HiSeq 2000	ILLUMINA	5945366	479589466	SRR2175759	5945366	1200963932
SRP056641	Human Microbiome Environment Metagenome	SRX1160143		Metagenomics of human microbiome	646099	human metagenome	700032281_zs1_G_DNA_Anterior_nares	WGS	METAGENOMIC	RANDOM	PAIRED	SRS1041126		SAMN03351473	PRJNA275349	Illumina HiSeq 2000	Illumina HiSeq 2000	ILLUMINA	18085690	188286533	SRR2175760	18085690	3653309380
SRP056641	Human Microbiome Environment Metagenome	SRX1160144		Metagenomics of human microbiome	646099	human metagenome	700032287_zv2_G_DNA_Posterior_fornix	WGS	METAGENOMIC	RANDOM	PAIRED	SRS1041127		SAMN03351474	PRJNA275349	Illumina HiSeq 2000	Illumina HiSeq 2000	ILLUMINA	15989307	133354781	SRR2175761	15989307	3229840014
SRP056641	Human Microbiome Environment Metagenome	SRX1160146		Metagenomics of human microbiome	646099	human metagenome	700033130_zg_G_DNA_Stool	WGS	METAGENOMIC	RANDOM	PAIRED	SRS1041129		SAMN03351475	PRJNA275349	Illumina HiSeq 2000	Illumina HiSeq 2000	ILLUMINA	16923048	1553382933	SRR2175762	16923048	3418455696
SRP056641	Human Microbiome Environment Metagenome	SRX1160147		Metagenomics of human microbiome	646099	human metagenome	700033436_zg_G_DNA_Stool	WGS	METAGENOMIC	RANDOM	PAIRED	SRS1041130		SAMN03351476	PRJNA275349	Illumina HiSeq 2000	Illumina HiSeq 2000	ILLUMINA	19745117	1801327201	SRR2175763	19745117	3988513634
SRP056641	Human Microbiome Environment Metagenome	SRX1160149		Metagenomics of human microbiome	646099	human metagenome	700033726_zg_G_DNA_Stool	WGS	METAGENOMIC	RANDOM	PAIRED	SRS1041132		SAMN03351477	PRJNA275349	Illumina HiSeq 2000	Illumina HiSeq 2000	ILLUMINA	18103220	1661446182	SRR2175764	18103220	3656850440
SRP056641	Human Microbiome Environment Metagenome	SRX1160150		Metagenomics of human microbiome	646099	human metagenome	700034565_zg_G_DNA_Stool	WGS	METAGENOMIC	RANDOM	PAIRED	SRS1041133		SAMN03351478	PRJNA275349	Illumina HiSeq 2000	Illumina HiSeq 2000	ILLUMINA	15763292	1451965075	SRR2175765	15763292	3184184984
SRP056641	Human Microbiome Environment Metagenome	SRX1160151		Metagenomics of human microbiome	646099	human metagenome	700095058_zg_G_DNA_Stool	WGS	METAGENOMIC	RANDOM	PAIRED	SRS1041134		SAMN03351479	PRJNA275349	Illumina HiSeq 2000	Illumina HiSeq 2000	ILLUMINA	21224056	1956087637	SRR2175766	21224056	4287259312
SRP056641	Human Microbiome Environment Metagenome	SRX1160153		Metagenomics of human microbiome	646099	human metagenome	700095287_zg_G_DNA_Stool	WGS	METAGENOMIC	RANDOM	PAIRED	SRS1041136		SAMN03351480	PRJNA275349	Illumina HiSeq 2000	Illumina HiSeq 2000	ILLUMINA	24166519	2176386063	SRR2175767	24166519	4881636838
SRP056641	Human Microbiome Environment Metagenome	SRX1160154		Metagenomics of human microbiome	646099	human metagenome	700095353_zg_G_DNA_Stool	WGS	METAGENOMIC	RANDOM	PAIRED	SRS1041137		SAMN03351481	PRJNA275349	Illumina HiSeq 2000	Illumina HiSeq 2000	ILLUMINA	25102291	2326860377	SRR2175768	25102291	5070662782
SRP056641	Human Microbiome Environment Metagenome	SRX1160155		Metagenomics of human microbiome	646099	human metagenome	700095410_zg_G_DNA_Stool	WGS	METAGENOMIC	RANDOM	PAIRED	SRS1041138		SAMN03351482	PRJNA275349	Illumina HiSeq 2000	Illumina HiSeq 2000	ILLUMINA	18406093	1713056064	SRR2175769	18406093	3718030786
SRP056641	Human Microbiome Environment Metagenome	SRX1160156		Metagenomics of human microbiome	646099	human metagenome	700097234_zg_G_DNA_Stool	WGS	METAGENOMIC	RANDOM	PAIRED	SRS1041139		SAMN03351483	PRJNA275349	Illumina HiSeq 2000	Illumina HiSeq 2000	ILLUMINA	16890413	1521994298	SRR2175771	16890413	3411863426
SRP056641	Human Microbiome Environment Metagenome	SRX1160157		Metagenomics of human microbiome	646099	human metagenome	700097631_zg_G_DNA_Stool	WGS	METAGENOMIC	RANDOM	PAIRED	SRS1041140		SAMN03351486	PRJNA275349	Illumina HiSeq 2000	Illumina HiSeq 2000	ILLUMINA	12368791	1117643190	SRR2175772	12368791	2498495782
SRP056641	Human Microbiome Environment Metagenome	SRX1160158		Metagenomics of human microbiome	646099	human metagenome	700098359_zg_G_DNA_Stool	WGS	METAGENOMIC	RANDOM	PAIRED	SRS1041141		SAMN03351490	PRJNA275349	Illumina HiSeq 2000	Illumina HiSeq 2000	ILLUMINA	13159369	1242323594	SRR2175773	13159369	2658192538
SRP056641	Human Microbiome Environment Metagenome	SRX1160159		Metagenomics of human microbiome	646099	human metagenome	700098867_zg_G_DNA_Stool	WGS	METAGENOMIC	RANDOM	PAIRED	SRS1041142		SAMN03351491	PRJNA275349	Illumina HiSeq 2000	Illumina HiSeq 2000	ILLUMINA	21796765	1951798089	SRR2175774	21796765	4402946530
SRP056641	Human Microbiome Environment Metagenome	SRX1160160		Metagenomics of human microbiome	646099	human metagenome	700098932_zg_G_DNA_Stool	WGS	METAGENOMIC	RANDOM	PAIRED	SRS1041143		SAMN03351492	PRJNA275349	Illumina HiSeq 2000	Illumina HiSeq 2000	ILLUMINA	16190313	1461396613	SRR2175775	16190313	3270443226
SRP056641	Human Microbiome Environment Metagenome	SRX1160161		Metagenomics of human microbiome	646099	human metagenome	700099002_zg_G_DNA_Stool	WGS	METAGENOMIC	RANDOM	PAIRED	SRS1041144		SAMN03351493	PRJNA275349	Illumina HiSeq 2000	Illumina HiSeq 2000	ILLUMINA	22556683	2035067274	SRR2175776	22556683	4556449966
SRP056641	Human Microbiome Environment Metagenome	SRX1160162		Metagenomics of human microbiome	646099	human metagenome	700099059_zg_G_DNA_Stool	WGS	METAGENOMIC	RANDOM	PAIRED	SRS1041145		SAMN03351494	PRJNA275349	Illumina HiSeq 2000	Illumina HiSeq 2000	ILLUMINA	23418263	2126694467	SRR2175777	23418263	4730489126
SRP056641	Human Microbiome Environment Metagenome	SRX1160163		Metagenomics of human microbiome	646099	human metagenome	700099590_zg_G_DNA_Stool	WGS	METAGENOMIC	RANDOM	PAIRED	SRS1041146		SAMN03351495	PRJNA275349	Illumina HiSeq 2000	Illumina HiSeq 2000	ILLUMINA	19794942	1815171058	SRR2175778	19794942	3998578284
SRP056641	Human Microbiome Environment Metagenome	SRX1160164		Metagenomics of human microbiome	646099	human metagenome	700099746_zg_G_DNA_Stool	WGS	METAGENOMIC	RANDOM	PAIRED	SRS1041147		SAMN03351496	PRJNA275349	Illumina HiSeq 2000	Illumina HiSeq 2000	ILLUMINA	21458537	1985986925	SRR2175779	21458537	4334624474
SRP056641	Human Microbiome Environment Metagenome	SRX1160165		Metagenomics of human microbiome	646099	human metagenome	700100228_zg_G_DNA_Stool	WGS	METAGENOMIC	RANDOM	PAIRED	SRS1041149		SAMN03351497	PRJNA275349	Illumina HiSeq 2000	Illumina HiSeq 2000	ILLUMINA	29137040	2636560510	SRR2175780	29137040	5885682080
SRP056641	Human Microbiome Environment Metagenome	SRX1160167		Metagenomics of human microbiome	646099	human metagenome	700100262_zo9_G_DNA_Tongue_dorsum	WGS	METAGENOMIC	RANDOM	PAIRED	SRS1041150		SAMN03351498	PRJNA275349	Illumina HiSeq 2000	Illumina HiSeq 2000	ILLUMINA	16527284	1299296495	SRR2175782	16527284	3338511368
SRP056641	Human Microbiome Environment Metagenome	SRX1160168		Metagenomics of human microbiome	646099	human metagenome	700100266_zo1_G_DNA_Buccal_mucosa	WGS	METAGENOMIC	RANDOM	PAIRED	SRS1041151		SAMN03351499	PRJNA275349	Illumina HiSeq 2000	Illumina HiSeq 2000	ILLUMINA	26094459	384897750	SRR2175783	26094459	5271080718
SRP056641	Human Microbiome Environment Metagenome	SRX1160170		Metagenomics of human microbiome	646099	human metagenome	700100274_zo7_G_DNA_Supragingival_plaque	WGS	METAGENOMIC	RANDOM	PAIRED	SRS1041153		SAMN03351500	PRJNA275349	Illumina HiSeq 2000	Illumina HiSeq 2000	ILLUMINA	12687179	853400244	SRR2175784	12687179	2562810158
SRP056641	Human Microbiome Environment Metagenome	SRX1160171		Metagenomics of human microbiome	646099	human metagenome	700100286_zs1_G_DNA_Anterior_nares	WGS	METAGENOMIC	RANDOM	PAIRED	SRS1041154		SAMN03351501	PRJNA275349	Illumina HiSeq 2000	Illumina HiSeq 2000	ILLUMINA	10968346	285864680	SRR2175787	10968346	2215605892
SRP056641	Human Microbiome Environment Metagenome	SRX1160172		Metagenomics of human microbiome	646099	human metagenome	700100292_zv2_G_DNA_Posterior_fornix	WGS	METAGENOMIC	RANDOM	PAIRED	SRS1041155		SAMN03351502	PRJNA275349	Illumina HiSeq 2000	Illumina HiSeq 2000	ILLUMINA	16631030	201448973	SRR2175791	16631030	3359468060
SRP056641	Human Microbiome Environment Metagenome	SRX1160174		Metagenomics of human microbiome	646099	human metagenome	700101225_zg_G_DNA_Stool	WGS	METAGENOMIC	RANDOM	PAIRED	SRS1041157		SAMN03351503	PRJNA275349	Illumina HiSeq 2000	Illumina HiSeq 2000	ILLUMINA	10729762	979734514	SRR2175792	10729762	2167411924
SRP056641	Human Microbiome Environment Metagenome	SRX1160176		Metagenomics of human microbiome	646099	human metagenome	700110451_zo9_G_DNA_Tongue_dorsum	WGS	METAGENOMIC	RANDOM	PAIRED	SRS1041159		SAMN03351505	PRJNA275349	Illumina HiSeq 2000	Illumina HiSeq 2000	ILLUMINA	25587251	1722559185	SRR2175793	25587251	5168624702
SRP056641	Human Microbiome Environment Metagenome	SRX1160177		Metagenomics of human microbiome	646099	human metagenome	700117239_zg_G_DNA_Stool	WGS	METAGENOMIC	RANDOM	PAIRED	SRS893256		SAMN03351506	PRJNA275349	Illumina HiSeq 2000	Illumina HiSeq 2000	ILLUMINA	91548	8765485	SRR2175794	91548	18492696
SRP056641	Human Microbiome Environment Metagenome	SRX1160178		Metagenomics of human microbiome	646099	human metagenome	700117242_zo1_G_DNA_Buccal_mucosa	WGS	METAGENOMIC	RANDOM	PAIRED	SRS893257		SAMN03351508	PRJNA275349	Illumina HiSeq 2000	Illumina HiSeq 2000	ILLUMINA	63770	1873954	SRR2175795	63770	12881540
SRP056641	Human Microbiome Environment Metagenome	SRX1160179		Metagenomics of human microbiome	646099	human metagenome	700117436_zo1_G_DNA_Buccal_mucosa	WGS	METAGENOMIC	RANDOM	PAIRED	SRS893255		SAMN03351515	PRJNA275349	Illumina HiSeq 2000	Illumina HiSeq 2000	ILLUMINA	90524	5351318	SRR2175796	90524	18285848
SRP056641	Human Microbiome Environment Metagenome	SRX1160180		Metagenomics of human microbiome	646099	human metagenome	700119942_zv2_G_DNA_Posterior_fornix	WGS	METAGENOMIC	RANDOM	PAIRED	SRS1041160		SAMN03351528	PRJNA275349	Illumina HiSeq 2000	Illumina HiSeq 2000	ILLUMINA	22202249	194743643	SRR2175799	22202249	4484854298
SRP056641	Human Microbiome Environment Metagenome	SRX1160181		Metagenomics of human microbiome	646099	human metagenome	700120514_zo1_G_DNA_Buccal_mucosa	WGS	METAGENOMIC	RANDOM	PAIRED	SRS1041161		SAMN03351529	PRJNA275349	Illumina HiSeq 2000	Illumina HiSeq 2000	ILLUMINA	16674937	279783091	SRR2175800	16674937	3368337274
SRP056641	Human Microbiome Environment Metagenome	SRX1160182		Metagenomics of human microbiome	646099	human metagenome	700120518_zo7_G_DNA_Supragingival_plaque	WGS	METAGENOMIC	RANDOM	PAIRED	SRS1041162		SAMN03351530	PRJNA275349	Illumina HiSeq 2000	Illumina HiSeq 2000	ILLUMINA	16582929	1497443324	SRR2175802	16582929	3349751658
SRP056641	Human Microbiome Environment Metagenome	SRX1160183		Metagenomics of human microbiome	646099	human metagenome	700120527_zv2_G_DNA_Posterior_fornix	WGS	METAGENOMIC	RANDOM	PAIRED	SRS1041163		SAMN03351531	PRJNA275349	Illumina HiSeq 2000	Illumina HiSeq 2000	ILLUMINA	23046021	287402234	SRR2175803	23046021	4655296242
SRP056641	Human Microbiome Environment Metagenome	SRX1160184		Metagenomics of human microbiome	646099	human metagenome	700120572_zg_G_DNA_Stool	WGS	METAGENOMIC	RANDOM	PAIRED	SRS1041164		SAMN03351532	PRJNA275349	Illumina HiSeq 2000	Illumina HiSeq 2000	ILLUMINA	31732468	3033458225	SRR2175804	31732468	6409958536
SRP056641	Human Microbiome Environment Metagenome	SRX1160189		Metagenomics of human microbiome	646099	human metagenome	700120578_zo9_G_DNA_Tongue_dorsum	WGS	METAGENOMIC	RANDOM	PAIRED	SRS1041170		SAMN03351533	PRJNA275349	Illumina HiSeq 2000	Illumina HiSeq 2000	ILLUMINA	24485291	1549938681	SRR2175808	24485291	4946028782
SRP056641	Human Microbiome Environment Metagenome	SRX1160190		Metagenomics of human microbiome	646099	human metagenome	700120580_zo1_G_DNA_Buccal_mucosa	WGS	METAGENOMIC	RANDOM	PAIRED	SRS1041169		SAMN03351534	PRJNA275349	Illumina HiSeq 2000	Illumina HiSeq 2000	ILLUMINA	17420702	622496762	SRR2175809	17420702	3518981804
SRP056641	Human Microbiome Environment Metagenome	SRX1160193		Metagenomics of human microbiome	646099	human metagenome	700120584_zo7_G_DNA_Supragingival_plaque	WGS	METAGENOMIC	RANDOM	PAIRED	SRS1041173		SAMN03351535	PRJNA275349	Illumina HiSeq 2000	Illumina HiSeq 2000	ILLUMINA	17694583	1602250866	SRR2175813	17694583	3574305766
SRP056641	Human Microbiome Environment Metagenome	SRX1160194		Metagenomics of human microbiome	646099	human metagenome	700120834_zg_G_DNA_Stool	WGS	METAGENOMIC	RANDOM	PAIRED	SRS1041174		SAMN03351537	PRJNA275349	Illumina HiSeq 2000	Illumina HiSeq 2000	ILLUMINA	572	76156	SRR2175814	572	115544
SRP056641	Human Microbiome Environment Metagenome	SRX1160195		Metagenomics of human microbiome	646099	human metagenome	700120593_zv2_G_DNA_Posterior_fornix	WGS	METAGENOMIC	RANDOM	PAIRED	SRS1041175		SAMN03351536	PRJNA275349	Illumina HiSeq 2000	Illumina HiSeq 2000	ILLUMINA	24034021	489021644	SRR2175815	24034021	4854872242
SRP056641	Human Microbiome Environment Metagenome	SRX1160200		Metagenomics of human microbiome	646099	human metagenome	700120840_zo9_G_DNA_Tongue_dorsum	WGS	METAGENOMIC	RANDOM	PAIRED	SRS1041181		SAMN03351538	PRJNA275349	Illumina HiSeq 2000	Illumina HiSeq 2000	ILLUMINA	27898456	2494441856	SRR2175819	27898456	5635488112
SRP056641	Human Microbiome Environment Metagenome	SRX1160202		Metagenomics of human microbiome	646099	human metagenome	700120842_zo1_G_DNA_Buccal_mucosa	WGS	METAGENOMIC	RANDOM	PAIRED	SRS1041182		SAMN03351539	PRJNA275349	Illumina HiSeq 2000	Illumina HiSeq 2000	ILLUMINA	19987562	292333063	SRR2175822	19987562	4037487524
SRP056641	Human Microbiome Environment Metagenome	SRX1160203		Metagenomics of human microbiome	646099	human metagenome	700120846_zo7_G_DNA_Supragingival_plaque	WGS	METAGENOMIC	RANDOM	PAIRED	SRS1041183		SAMN03351540	PRJNA275349	Illumina HiSeq 2000	Illumina HiSeq 2000	ILLUMINA	20915869	665503737	SRR2175823	20915869	4225005538
SRP056641	Human Microbiome Environment Metagenome	SRX1160205		Metagenomics of human microbiome	646099	human metagenome	700120855_zv2_G_DNA_Posterior_fornix	WGS	METAGENOMIC	RANDOM	PAIRED	SRS1041185		SAMN03351541	PRJNA275349	Illumina HiSeq 2000	Illumina HiSeq 2000	ILLUMINA	32938754	616201588	SRR2175824	32938754	6653628308
SRP056641	Human Microbiome Environment Metagenome	SRX1182470		Metagenomics of human microbiome	646099	human metagenome	700016601_zs1_G_DNA_Anterior_nares	WGS	METAGENOMIC	RANDOM	PAIRED	SRS971428		SAMN03351459	PRJNA275349	Illumina HiSeq 2000	Illumina HiSeq 2000	ILLUMINA	28727141	617816154	SRR2240254	28727141	5802882482
SRP056641	Human Microbiome Environment Metagenome	SRX1182471		Metagenomics of human microbiome	646099	human metagenome	700021261_zg_G_DNA_Stool	WGS	METAGENOMIC	RANDOM	PAIRED	SRS1054691		SAMN03351467	PRJNA275349	Illumina HiSeq 2000	Illumina HiSeq 2000	ILLUMINA	1143938	140235385	SRR2240255	1143938	231075476
SRP056641	Human Microbiome Environment Metagenome	SRX1182472		Metagenomics of human microbiome	646099	human metagenome	700016920_zs1_G_DNA_Anterior_nares	WGS	METAGENOMIC	RANDOM	PAIRED	SRS971427		SAMN03351465	PRJNA275349	Illumina HiSeq 2000	Illumina HiSeq 2000	ILLUMINA	30307562	444965420	SRR2240256	30307562	6122127524
SRP056641	Human Microbiome Environment Metagenome	SRX1182473		Metagenomics of human microbiome	646099	human metagenome	700021261_zg_G_DNA_Stool.2	WGS	METAGENOMIC	RANDOM	PAIRED	SRS1054691		SAMN03351467	PRJNA275349	Illumina HiSeq 2000	Illumina HiSeq 2000	ILLUMINA	17943510	1732656383	SRR2240257	17943510	3624589020
SRP056641	Human Microbiome Environment Metagenome	SRX1182475		Metagenomics of human microbiome	646099	human metagenome	700032257_zo9_G_DNA_Tongue_dorsum	WGS	METAGENOMIC	RANDOM	PAIRED	SRS971277		SAMN03351470	PRJNA275349	Illumina HiSeq 2000	Illumina HiSeq 2000	ILLUMINA	46200835	3784471341	SRR2240258	46200835	9332568670
SRP056641	Human Microbiome Environment Metagenome	SRX1182494		Metagenomics of human microbiome	646099	human metagenome	700097291_zg_G_DNA_Stool	WGS	METAGENOMIC	RANDOM	PAIRED	SRS971276		SAMN03351484	PRJNA275349	Illumina HiSeq 2000	Illumina HiSeq 2000	ILLUMINA	29005070	2678804683	SRR2240287	29005070	5859024140
SRP056641	Human Microbiome Environment Metagenome	SRX1182495		Metagenomics of human microbiome	646099	human metagenome	700117240_zo9_G_DNA_Tongue_dorsum	WGS	METAGENOMIC	RANDOM	PAIRED	SRS1054712		SAMN03351507	PRJNA275349	Illumina HiSeq 2000	Illumina HiSeq 2000	ILLUMINA	1432811	170516307	SRR2240288	1432811	289427822
SRP056641	Human Microbiome Environment Metagenome	SRX1182498		Metagenomics of human microbiome	646099	human metagenome	700098267_zg_G_DNA_Stool	WGS	METAGENOMIC	RANDOM	PAIRED	SRS971275		SAMN03351489	PRJNA275349	Illumina HiSeq 2000	Illumina HiSeq 2000	ILLUMINA	27145115	2535908433	SRR2240290	27145115	5483313230
SRP056641	Human Microbiome Environment Metagenome	SRX1182499		Metagenomics of human microbiome	646099	human metagenome	700117303_zg_G_DNA_Stool	WGS	METAGENOMIC	RANDOM	PAIRED	SRS1054716		SAMN03351510	PRJNA275349	Illumina HiSeq 2000	Illumina HiSeq 2000	ILLUMINA	1188918	137775962	SRR2240291	1188918	240161436
SRP056641	Human Microbiome Environment Metagenome	SRX1182502		Metagenomics of human microbiome	646099	human metagenome	700117240_zo9_G_DNA_Tongue_dorsum.2	WGS	METAGENOMIC	RANDOM	PAIRED	SRS1054712		SAMN03351507	PRJNA275349	Illumina HiSeq 2000	Illumina HiSeq 2000	ILLUMINA	17338197	1640963363	SRR2240293	17338197	3502315794
SRP056641	Human Microbiome Environment Metagenome	SRX1182510		Metagenomics of human microbiome	646099	human metagenome	700117303_zg_G_DNA_Stool.2	WGS	METAGENOMIC	RANDOM	PAIRED	SRS1054716		SAMN03351510	PRJNA275349	Illumina HiSeq 2000	Illumina HiSeq 2000	ILLUMINA	16074634	1526009659	SRR2240318	16074634	3247076068
SRP056641	Human Microbiome Environment Metagenome	SRX1182666		Metagenomics of human microbiome	646099	human metagenome	700117440_zo7_G_DNA_Supragingival_plaque	WGS	METAGENOMIC	RANDOM	PAIRED	SRS1054853		SAMN03351516	PRJNA275349	Illumina HiSeq 2000	Illumina HiSeq 2000	ILLUMINA	22167843	1721307158	SRR2240574	22167843	4477904286
SRP056641	Human Microbiome Environment Metagenome	SRX1182667		Metagenomics of human microbiome	646099	human metagenome	700117482_zo9_G_DNA_Tongue_dorsum	WGS	METAGENOMIC	RANDOM	PAIRED	SRS1054881		SAMN03351517	PRJNA275349	Illumina HiSeq 2000	Illumina HiSeq 2000	ILLUMINA	2060229	230528084	SRR2240575	2060229	416166258
SRP056641	Human Microbiome Environment Metagenome	SRX1182722		Metagenomics of human microbiome	646099	human metagenome	700117482_zo9_G_DNA_Tongue_dorsum.2	WGS	METAGENOMIC	RANDOM	PAIRED	SRS1054881		SAMN03351517	PRJNA275349	Illumina HiSeq 2000	Illumina HiSeq 2000	ILLUMINA	20457561	1879334326	SRR2240725	20457561	4132427322
SRP056641	Human Microbiome Environment Metagenome	SRX1182723		Metagenomics of human microbiome	646099	human metagenome	700117498_zv2_G_DNA_Posterior_fornix	WGS	METAGENOMIC	RANDOM	PAIRED	SRS1054927		SAMN03351520	PRJNA275349	Illumina HiSeq 2000	Illumina HiSeq 2000	ILLUMINA	1561571	18666952	SRR2240726	1561571	315437342
SRP056641	Human Microbiome Environment Metagenome	SRX1182724		Metagenomics of human microbiome	646099	human metagenome	700117498_zv2_G_DNA_Posterior_fornix.2	WGS	METAGENOMIC	RANDOM	PAIRED	SRS1054927		SAMN03351520	PRJNA275349	Illumina HiSeq 2000	Illumina HiSeq 2000	ILLUMINA	15241265	164379974	SRR2240727	15241265	3078735530
SRP056641	Human Microbiome Environment Metagenome	SRX1182725		Metagenomics of human microbiome	646099	human metagenome	700122042_zg_G_DNA_Stool	WGS	METAGENOMIC	RANDOM	PAIRED	SRS1054928		SAMN03351543	PRJNA275349	Illumina HiSeq 2000	Illumina HiSeq 2000	ILLUMINA	31843874	3059448325	SRR2240728	31843874	6432462548
SRP056641	Human Microbiome Environment Metagenome	SRX1182726		Metagenomics of human microbiome	646099	human metagenome	700122109_zg_G_DNA_Stool	WGS	METAGENOMIC	RANDOM	PAIRED	SRS1054929		SAMN03351544	PRJNA275349	Illumina HiSeq 2000	Illumina HiSeq 2000	ILLUMINA	36187658	3527988636	SRR2240729	36187658	7309906916
SRP056641	Human Microbiome Environment Metagenome	SRX1182731		Metagenomics of human microbiome	646099	human metagenome	700122140_zo9_G_DNA_Tongue_dorsum	WGS	METAGENOMIC	RANDOM	PAIRED	SRS1054934		SAMN03351545	PRJNA275349	Illumina HiSeq 2000	Illumina HiSeq 2000	ILLUMINA	36846372	3298555827	SRR2240749	36846372	7442967144
SRP056641	Human Microbiome Environment Metagenome	SRX1182815		Metagenomics of human microbiome	646099	human metagenome	700122144_zo1_G_DNA_Buccal_mucosa	WGS	METAGENOMIC	RANDOM	PAIRED	SRS1055018		SAMN03351546	PRJNA275349	Illumina HiSeq 2000	Illumina HiSeq 2000	ILLUMINA	22683777	541684074	SRR2240833	22683777	4582122954
SRP056641	Human Microbiome Environment Metagenome	SRX1182816		Metagenomics of human microbiome	646099	human metagenome	700122152_zo7_G_DNA_Supragingival_plaque	WGS	METAGENOMIC	RANDOM	PAIRED	SRS1055020		SAMN03351547	PRJNA275349	Illumina HiSeq 2000	Illumina HiSeq 2000	ILLUMINA	28592053	2524540613	SRR2240834	28592053	5775594706
SRP056641	Human Microbiome Environment Metagenome	SRX1182817		Metagenomics of human microbiome	646099	human metagenome	700122164_zs1_G_DNA_Anterior_nares	WGS	METAGENOMIC	RANDOM	PAIRED	SRS1055019		SAMN03351548	PRJNA275349	Illumina HiSeq 2000	Illumina HiSeq 2000	ILLUMINA	21911680	563932087	SRR2240835	21911680	4426159360
SRP056641	Human Microbiome Environment Metagenome	SRX1182818		Metagenomics of human microbiome	646099	human metagenome	700122230_zv2_G_DNA_Posterior_fornix	WGS	METAGENOMIC	RANDOM	PAIRED	SRS1055021		SAMN03351554	PRJNA275349	Illumina HiSeq 2000	Illumina HiSeq 2000	ILLUMINA	27269066	362109451	SRR2240836	27269066	5508351332
SRP056641	Human Microbiome Environment Metagenome	SRX1182819		Metagenomics of human microbiome	646099	human metagenome	700122408_zg_G_DNA_Stool	WGS	METAGENOMIC	RANDOM	PAIRED	SRS1055022		SAMN03351555	PRJNA275349	Illumina HiSeq 2000	Illumina HiSeq 2000	ILLUMINA	40374345	3661567476	SRR2240837	40374345	8155617690
SRP056641	Human Microbiome Environment Metagenome	SRX1182820		Metagenomics of human microbiome	646099	human metagenome	700122591_zo9_G_DNA_Tongue_dorsum	WGS	METAGENOMIC	RANDOM	PAIRED	SRS1055023		SAMN03351556	PRJNA275349	Illumina HiSeq 2000	Illumina HiSeq 2000	ILLUMINA	26671252	2530478677	SRR2240838	26671252	5387592904
SRP056641	Human Microbiome Environment Metagenome	SRX1182822		Metagenomics of human microbiome	646099	human metagenome	700122593_zo1_G_DNA_Buccal_mucosa	WGS	METAGENOMIC	RANDOM	PAIRED	SRS1055025		SAMN03351557	PRJNA275349	Illumina HiSeq 2000	Illumina HiSeq 2000	ILLUMINA	20885729	489429511	SRR2240839	20885729	4218917258
SRP056641	Human Microbiome Environment Metagenome	SRX1182823		Metagenomics of human microbiome	646099	human metagenome	700122597_zo7_G_DNA_Supragingival_plaque	WGS	METAGENOMIC	RANDOM	PAIRED	SRS1055026		SAMN03351558	PRJNA275349	Illumina HiSeq 2000	Illumina HiSeq 2000	ILLUMINA	20611596	2001342913	SRR2240840	20611596	4163542392
SRP056641	Human Microbiome Environment Metagenome	SRX1182837		Metagenomics of human microbiome	646099	human metagenome	700122714_zo9_G_DNA_Tongue_dorsum	WGS	METAGENOMIC	RANDOM	PAIRED	SRS1055028		SAMN03351559	PRJNA275349	Illumina HiSeq 2000	Illumina HiSeq 2000	ILLUMINA	18915475	1692294669	SRR2240885	18915475	3820925950
SRP056641	Human Microbiome Environment Metagenome	SRX1182847		Metagenomics of human microbiome	646099	human metagenome	700122716_zo1_G_DNA_Buccal_mucosa	WGS	METAGENOMIC	RANDOM	PAIRED	SRS1055030		SAMN03351560	PRJNA275349	Illumina HiSeq 2000	Illumina HiSeq 2000	ILLUMINA	20632404	448123305	SRR2240914	20632404	4167745608
SRP056641	Human Microbiome Environment Metagenome	SRX1182849		Metagenomics of human microbiome	646099	human metagenome	700122720_zo7_G_DNA_Supragingival_plaque	WGS	METAGENOMIC	RANDOM	PAIRED	SRS1055033		SAMN03351561	PRJNA275349	Illumina HiSeq 2000	Illumina HiSeq 2000	ILLUMINA	21784466	1805102841	SRR2240915	21784466	4400462132
SRP056641	Human Microbiome Environment Metagenome	SRX1182850		Metagenomics of human microbiome	646099	human metagenome	700122726_zs1_G_DNA_Anterior_nares	WGS	METAGENOMIC	RANDOM	PAIRED	SRS1055032		SAMN03351562	PRJNA275349	Illumina HiSeq 2000	Illumina HiSeq 2000	ILLUMINA	16461864	225953957	SRR2240916	16461864	3325296528
SRP056641	Human Microbiome Environment Metagenome	SRX1182851		Metagenomics of human microbiome	646099	human metagenome	700122860_zg_G_DNA_Stool	WGS	METAGENOMIC	RANDOM	PAIRED	SRS1055034		SAMN03351566	PRJNA275349	Illumina HiSeq 2000	Illumina HiSeq 2000	ILLUMINA	13901347	1300928407	SRR2240917	13901347	2808072094
SRP056641	Human Microbiome Environment Metagenome	SRX1182852		Metagenomics of human microbiome	646099	human metagenome	700122866_zo9_G_DNA_Tongue_dorsum	WGS	METAGENOMIC	RANDOM	PAIRED	SRS1055035		SAMN03351567	PRJNA275349	Illumina HiSeq 2000	Illumina HiSeq 2000	ILLUMINA	17599279	1460746711	SRR2240918	17599279	3555054358
SRP056641	Human Microbiome Environment Metagenome	SRX1182853		Metagenomics of human microbiome	646099	human metagenome	700122868_zo1_G_DNA_Buccal_mucosa	WGS	METAGENOMIC	RANDOM	PAIRED	SRS1055036		SAMN03351568	PRJNA275349	Illumina HiSeq 2000	Illumina HiSeq 2000	ILLUMINA	22311850	335880073	SRR2240919	22311850	4506993700
SRP056641	Human Microbiome Environment Metagenome	SRX1182854		Metagenomics of human microbiome	646099	human metagenome	700122872_zo7_G_DNA_Supragingival_plaque	WGS	METAGENOMIC	RANDOM	PAIRED	SRS1055037		SAMN03351569	PRJNA275349	Illumina HiSeq 2000	Illumina HiSeq 2000	ILLUMINA	27386137	2563927862	SRR2240920	27386137	5531999674
SRP056641	Human Microbiome Environment Metagenome	SRX1182855		Metagenomics of human microbiome	646099	human metagenome	700123700_zg_G_DNA_Stool	WGS	METAGENOMIC	RANDOM	PAIRED	SRS1055038		SAMN03351572	PRJNA275349	Illumina HiSeq 2000	Illumina HiSeq 2000	ILLUMINA	24003193	2136260212	SRR2240921	24003193	4848644986
SRP056641	Human Microbiome Environment Metagenome	SRX1182866		Metagenomics of human microbiome	646099	human metagenome	700123706_zo9_G_DNA_Tongue_dorsum	WGS	METAGENOMIC	RANDOM	PAIRED	SRS1055039		SAMN03351573	PRJNA275349	Illumina HiSeq 2000	Illumina HiSeq 2000	ILLUMINA	19457876	1707802540	SRR2240958	19457876	3930490952
SRP056641	Human Microbiome Environment Metagenome	SRX1182884		Metagenomics of human microbiome	646099	human metagenome	700123708_zo1_G_DNA_Buccal_mucosa	WGS	METAGENOMIC	RANDOM	PAIRED	SRS1055040		SAMN03351574	PRJNA275349	Illumina HiSeq 2000	Illumina HiSeq 2000	ILLUMINA	13559691	481859749	SRR2241020	13559691	2739057582
SRP056641	Human Microbiome Environment Metagenome	SRX1182885		Metagenomics of human microbiome	646099	human metagenome	700123712_zo7_G_DNA_Supragingival_plaque	WGS	METAGENOMIC	RANDOM	PAIRED	SRS1055042		SAMN03351575	PRJNA275349	Illumina HiSeq 2000	Illumina HiSeq 2000	ILLUMINA	9211750	783582328	SRR2241021	9211750	1860773500
SRP056641	Human Microbiome Environment Metagenome	SRX1182886		Metagenomics of human microbiome	646099	human metagenome	700123718_zs1_G_DNA_Anterior_nares	WGS	METAGENOMIC	RANDOM	PAIRED	SRS1055041		SAMN03351576	PRJNA275349	Illumina HiSeq 2000	Illumina HiSeq 2000	ILLUMINA	4355735	39073989	SRR2241022	4355735	879858470
SRP056641	Human Microbiome Environment Metagenome	SRX1182887		Metagenomics of human microbiome	646099	human metagenome	700161219_zg_G_DNA_Stool	WGS	METAGENOMIC	RANDOM	PAIRED	SRS1055043		SAMN03351584	PRJNA275349	Illumina HiSeq 2000	Illumina HiSeq 2000	ILLUMINA	26397370	2448741182	SRR2241023	26397370	5332268740
SRP056641	Human Microbiome Environment Metagenome	SRX1182888		Metagenomics of human microbiome	646099	human metagenome	700161222_zv2_G_DNA_Posterior_fornix	WGS	METAGENOMIC	RANDOM	PAIRED	SRS1055044		SAMN03351585	PRJNA275349	Illumina HiSeq 2000	Illumina HiSeq 2000	ILLUMINA	29315801	394192271	SRR2241024	29315801	5921791802
SRP056641	Human Microbiome Environment Metagenome	SRX1182889		Metagenomics of human microbiome	646099	human metagenome	700161227_zs1_G_DNA_Anterior_nares	WGS	METAGENOMIC	RANDOM	PAIRED	SRS1055045		SAMN03351586	PRJNA275349	Illumina HiSeq 2000	Illumina HiSeq 2000	ILLUMINA	18769672	234553005	SRR2241025	18769672	3791473744
SRP056641	Human Microbiome Environment Metagenome	SRX1182890		Metagenomics of human microbiome	646099	human metagenome	700161230_zo9_G_DNA_Tongue_dorsum	WGS	METAGENOMIC	RANDOM	PAIRED	SRS1055046		SAMN03351587	PRJNA275349	Illumina HiSeq 2000	Illumina HiSeq 2000	ILLUMINA	24414101	2251291810	SRR2241026	24414101	4931648402
SRP056641	Human Microbiome Environment Metagenome	SRX1182906		Metagenomics of human microbiome	646099	human metagenome	700161232_zo1_G_DNA_Buccal_mucosa	WGS	METAGENOMIC	RANDOM	PAIRED	SRS1055047		SAMN03351588	PRJNA275349	Illumina HiSeq 2000	Illumina HiSeq 2000	ILLUMINA	23234880	1375458717	SRR2241080	23234880	4693445760
SRP056641	Human Microbiome Environment Metagenome	SRX1182914		Metagenomics of human microbiome	646099	human metagenome	700161236_zo7_G_DNA_Supragingival_plaque	WGS	METAGENOMIC	RANDOM	PAIRED	SRS1055048		SAMN03351589	PRJNA275349	Illumina HiSeq 2000	Illumina HiSeq 2000	ILLUMINA	14038386	1274602070	SRR2241108	14038386	2835753972
SRP056641	Human Microbiome Environment Metagenome	SRX1182915		Metagenomics of human microbiome	646099	human metagenome	700161429_zg_G_DNA_Stool	WGS	METAGENOMIC	RANDOM	PAIRED	SRS1055049		SAMN03351599	PRJNA275349	Illumina HiSeq 2000	Illumina HiSeq 2000	ILLUMINA	21955965	2032978246	SRR2241109	21955965	4435104930
SRP056641	Human Microbiome Environment Metagenome	SRX1182916		Metagenomics of human microbiome	646099	human metagenome	700161434_zs1_G_DNA_Anterior_nares	WGS	METAGENOMIC	RANDOM	PAIRED	SRS1055050		SAMN03351600	PRJNA275349	Illumina HiSeq 2000	Illumina HiSeq 2000	ILLUMINA	5370091	334996638	SRR2241110	5370091	1084758382
SRP056641	Human Microbiome Environment Metagenome	SRX1182917		Metagenomics of human microbiome	646099	human metagenome	700161437_zv2_G_DNA_Posterior_fornix	WGS	METAGENOMIC	RANDOM	PAIRED	SRS1055051		SAMN03351601	PRJNA275349	Illumina HiSeq 2000	Illumina HiSeq 2000	ILLUMINA	17485212	227249867	SRR2241111	17485212	3532012824
SRP056641	Human Microbiome Environment Metagenome	SRX1182918		Metagenomics of human microbiome	646099	human metagenome	700161748_zs1_G_DNA_Anterior_nares	WGS	METAGENOMIC	RANDOM	PAIRED	SRS1055052		SAMN03351604	PRJNA275349	Illumina HiSeq 2000	Illumina HiSeq 2000	ILLUMINA	2375759	99649450	SRR2241112	2375759	479903318
SRP056641	Human Microbiome Environment Metagenome	SRX1182920		Metagenomics of human microbiome	646099	human metagenome	700161748_zs1_G_DNA_Anterior_nares.2	WGS	METAGENOMIC	RANDOM	PAIRED	SRS1055052		SAMN03351604	PRJNA275349	Illumina HiSeq 2000	Illumina HiSeq 2000	ILLUMINA	23245725	829064746	SRR2241113	23245725	4695636450
SRP056641	Human Microbiome Environment Metagenome	SRX1182921		Metagenomics of human microbiome	646099	human metagenome	700161972_zo1_G_DNA_Buccal_mucosa	WGS	METAGENOMIC	RANDOM	PAIRED	SRS1055054		SAMN03351610	PRJNA275349	Illumina HiSeq 2000	Illumina HiSeq 2000	ILLUMINA	1248222	58600884	SRR2241114	1248222	252140844
SRP056641	Human Microbiome Environment Metagenome	SRX1182922		Metagenomics of human microbiome	646099	human metagenome	700161972_zo1_G_DNA_Buccal_mucosa.2	WGS	METAGENOMIC	RANDOM	PAIRED	SRS1055054		SAMN03351610	PRJNA275349	Illumina HiSeq 2000	Illumina HiSeq 2000	ILLUMINA	17980076	731457706	SRR2241115	17980076	3631975352
SRP056641	Human Microbiome Environment Metagenome	SRX1182923		Metagenomics of human microbiome	646099	human metagenome	700161976_zo7_G_DNA_Supragingival_plaque	WGS	METAGENOMIC	RANDOM	PAIRED	SRS1055055		SAMN03351611	PRJNA275349	Illumina HiSeq 2000	Illumina HiSeq 2000	ILLUMINA	1409450	139091144	SRR2241116	1409450	284708900
SRP056641	Human Microbiome Environment Metagenome	SRX1182924		Metagenomics of human microbiome	646099	human metagenome	700161976_zo7_G_DNA_Supragingival_plaque.2	WGS	METAGENOMIC	RANDOM	PAIRED	SRS1055055		SAMN03351611	PRJNA275349	Illumina HiSeq 2000	Illumina HiSeq 2000	ILLUMINA	13910338	1159004527	SRR2241117	13910338	2809888276
SRP056641	Human Microbiome Environment Metagenome	SRX1182925		Metagenomics of human microbiome	646099	human metagenome	700163296_zg_G_DNA_Stool	WGS	METAGENOMIC	RANDOM	PAIRED	SRS1055056		SAMN03351617	PRJNA275349	Illumina HiSeq 2000	Illumina HiSeq 2000	ILLUMINA	12957136	1173479160	SRR2241118	12957136	2617341472
SRP056641	Human Microbiome Environment Metagenome	SRX1182926		Metagenomics of human microbiome	646099	human metagenome	700163301_zs1_G_DNA_Anterior_nares	WGS	METAGENOMIC	RANDOM	PAIRED	SRS1055057		SAMN03351618	PRJNA275349	Illumina HiSeq 2000	Illumina HiSeq 2000	ILLUMINA	15303769	141393390	SRR2241119	15303769	3091361338
SRP056641	Human Microbiome Environment Metagenome	SRX1182927		Metagenomics of human microbiome	646099	human metagenome	700163304_zv2_G_DNA_Posterior_fornix	WGS	METAGENOMIC	RANDOM	PAIRED	SRS1055058		SAMN03351619	PRJNA275349	Illumina HiSeq 2000	Illumina HiSeq 2000	ILLUMINA	10820664	77333484	SRR2241120	10820664	2185774128
SRP056641	Human Microbiome Environment Metagenome	SRX1182953		Metagenomics of human microbiome	646099	human metagenome	700163307_zo9_G_DNA_Tongue_dorsum	WGS	METAGENOMIC	RANDOM	PAIRED	SRS1055059		SAMN03351620	PRJNA275349	Illumina HiSeq 2000	Illumina HiSeq 2000	ILLUMINA	17588900	1580349986	SRR2241208	17588900	3552957800
SRP056641	Human Microbiome Environment Metagenome	SRX1182954		Metagenomics of human microbiome	646099	human metagenome	700163309_zo1_G_DNA_Buccal_mucosa	WGS	METAGENOMIC	RANDOM	PAIRED	SRS1055060		SAMN03351621	PRJNA275349	Illumina HiSeq 2000	Illumina HiSeq 2000	ILLUMINA	40246999	1809741121	SRR2241209	40246999	8129893798
SRP056641	Human Microbiome Environment Metagenome	SRX1182955		Metagenomics of human microbiome	646099	human metagenome	700164891_zg_G_DNA_Stool	WGS	METAGENOMIC	RANDOM	PAIRED	SRS893253		SAMN03351633	PRJNA275349	Illumina HiSeq 2000	Illumina HiSeq 2000	ILLUMINA	117418	11181983	SRR2241210	117418	23718436
SRP056641	Human Microbiome Environment Metagenome	SRX1182956		Metagenomics of human microbiome	646099	human metagenome	700164899_zv2_G_DNA_Posterior_fornix	WGS	METAGENOMIC	RANDOM	PAIRED	SRS893262		SAMN03351635	PRJNA275349	Illumina HiSeq 2000	Illumina HiSeq 2000	ILLUMINA	72028	902106	SRR2241211	72028	14549656
SRP056641	Human Microbiome Environment Metagenome	SRX1182957		Metagenomics of human microbiome	646099	human metagenome	700164902_zo9_G_DNA_Tongue_dorsum	WGS	METAGENOMIC	RANDOM	PAIRED	SRS893254		SAMN03351636	PRJNA275349	Illumina HiSeq 2000	Illumina HiSeq 2000	ILLUMINA	73419	7092024	SRR2241212	73419	14830638
SRP056641	Human Microbiome Environment Metagenome	SRX1182958		Metagenomics of human microbiome	646099	human metagenome	700164904_zo1_G_DNA_Buccal_mucosa	WGS	METAGENOMIC	RANDOM	PAIRED	SRS1055061		SAMN03351637	PRJNA275349	Illumina HiSeq 2000	Illumina HiSeq 2000	ILLUMINA	1723539	31886241	SRR2241213	1723539	348154878
SRP056641	Human Microbiome Environment Metagenome	SRX1182960		Metagenomics of human microbiome	646099	human metagenome	700164904_zo1_G_DNA_Buccal_mucosa.2	WGS	METAGENOMIC	RANDOM	PAIRED	SRS1055061		SAMN03351637	PRJNA275349	Illumina HiSeq 2000	Illumina HiSeq 2000	ILLUMINA	19722704	310331510	SRR2241214	19722704	3983986208
SRP056641	Human Microbiome Environment Metagenome	SRX1182961		Metagenomics of human microbiome	646099	human metagenome	700164908_zo7_G_DNA_Supragingival_plaque	WGS	METAGENOMIC	RANDOM	PAIRED	SRS893258		SAMN03351638	PRJNA275349	Illumina HiSeq 2000	Illumina HiSeq 2000	ILLUMINA	75468	5677611	SRR2241215	75468	15244536
SRP056641	Human Microbiome Environment Metagenome	SRX1182962		Metagenomics of human microbiome	646099	human metagenome	700165514_zo9_G_DNA_Tongue_dorsum	WGS	METAGENOMIC	RANDOM	PAIRED	SRS1055063		SAMN03351650	PRJNA275349	Illumina HiSeq 2000	Illumina HiSeq 2000	ILLUMINA	19072868	1687023609	SRR2241216	19072868	3852719336
SRP056641	Human Microbiome Environment Metagenome	SRX1182963		Metagenomics of human microbiome	646099	human metagenome	700165516_zo1_G_DNA_Buccal_mucosa	WGS	METAGENOMIC	RANDOM	PAIRED	SRS1055064		SAMN03351651	PRJNA275349	Illumina HiSeq 2000	Illumina HiSeq 2000	ILLUMINA	14364258	328778847	SRR2241217	14364258	2901580116
SRP056641	Human Microbiome Environment Metagenome	SRX1182964		Metagenomics of human microbiome	646099	human metagenome	700165520_zo7_G_DNA_Supragingival_plaque	WGS	METAGENOMIC	RANDOM	PAIRED	SRS1055065		SAMN03351652	PRJNA275349	Illumina HiSeq 2000	Illumina HiSeq 2000	ILLUMINA	20342752	1633406137	SRR2241218	20342752	4109235904
SRP056641	Human Microbiome Environment Metagenome	SRX1182965		Metagenomics of human microbiome	646099	human metagenome	700165529_zv2_G_DNA_Posterior_fornix	WGS	METAGENOMIC	RANDOM	PAIRED	SRS1055066		SAMN03351653	PRJNA275349	Illumina HiSeq 2000	Illumina HiSeq 2000	ILLUMINA	19435363	254581917	SRR2241219	19435363	3925943326
SRP056641	Human Microbiome Environment Metagenome	SRX1182989		Metagenomics of human microbiome	646099	human metagenome	700165530_zg_G_DNA_Stool	WGS	METAGENOMIC	RANDOM	PAIRED	SRS1055067		SAMN03351654	PRJNA275349	Illumina HiSeq 2000	Illumina HiSeq 2000	ILLUMINA	24167901	2201427659	SRR2241305	24167901	4881916002
SRP056641	Human Microbiome Environment Metagenome	SRX1182991		Metagenomics of human microbiome	646099	human metagenome	700166262_zg_G_DNA_Stool	WGS	METAGENOMIC	RANDOM	PAIRED	SRS1055069		SAMN03351660	PRJNA275349	Illumina HiSeq 2000	Illumina HiSeq 2000	ILLUMINA	26620329	2570427561	SRR2241306	26620329	5377306458
SRP056641	Human Microbiome Environment Metagenome	SRX1182992		Metagenomics of human microbiome	646099	human metagenome	700166268_zo9_G_DNA_Tongue_dorsum	WGS	METAGENOMIC	RANDOM	PAIRED	SRS1055071		SAMN03351661	PRJNA275349	Illumina HiSeq 2000	Illumina HiSeq 2000	ILLUMINA	27100332	2425519400	SRR2241309	27100332	5474267064
SRP056641	Human Microbiome Environment Metagenome	SRX1182993		Metagenomics of human microbiome	646099	human metagenome	700166270_zo1_G_DNA_Buccal_mucosa	WGS	METAGENOMIC	RANDOM	PAIRED	SRS1055072		SAMN03351662	PRJNA275349	Illumina HiSeq 2000	Illumina HiSeq 2000	ILLUMINA	21008217	414846219	SRR2241310	21008217	4243659834
SRP056641	Human Microbiome Environment Metagenome	SRX1182994		Metagenomics of human microbiome	646099	human metagenome	700166274_zo7_G_DNA_Supragingival_plaque	WGS	METAGENOMIC	RANDOM	PAIRED	SRS1055073		SAMN03351663	PRJNA275349	Illumina HiSeq 2000	Illumina HiSeq 2000	ILLUMINA	24451978	1931863054	SRR2241312	24451978	4939299556
SRP056641	Human Microbiome Environment Metagenome	SRX1182995		Metagenomics of human microbiome	646099	human metagenome	700166280_zs1_G_DNA_Anterior_nares	WGS	METAGENOMIC	RANDOM	PAIRED	SRS1055074		SAMN03351664	PRJNA275349	Illumina HiSeq 2000	Illumina HiSeq 2000	ILLUMINA	17196533	822450596	SRR2241313	17196533	3473699666
SRP056641	Human Microbiome Environment Metagenome	SRX1183012		Metagenomics of human microbiome	646099	human metagenome	700166283_zv2_G_DNA_Posterior_fornix	WGS	METAGENOMIC	RANDOM	PAIRED	SRS1055075		SAMN03351665	PRJNA275349	Illumina HiSeq 2000	Illumina HiSeq 2000	ILLUMINA	19369272	355219088	SRR2241374	19369272	3912592944
SRP056641	Human Microbiome Environment Metagenome	SRX1183021		Metagenomics of human microbiome	646099	human metagenome	700166643_zg_G_DNA_Stool	WGS	METAGENOMIC	RANDOM	PAIRED	SRS1055076		SAMN03351666	PRJNA275349	Illumina HiSeq 2000	Illumina HiSeq 2000	ILLUMINA	22179975	2117049507	SRR2241409	22179975	4480354950
SRP056641	Human Microbiome Environment Metagenome	SRX1183023		Metagenomics of human microbiome	646099	human metagenome	700166649_zo9_G_DNA_Tongue_dorsum	WGS	METAGENOMIC	RANDOM	PAIRED	SRS1055078		SAMN03351667	PRJNA275349	Illumina HiSeq 2000	Illumina HiSeq 2000	ILLUMINA	13868509	971628122	SRR2241410	13868509	2801438818
SRP056641	Human Microbiome Environment Metagenome	SRX1183024		Metagenomics of human microbiome	646099	human metagenome	700166651_zo1_G_DNA_Buccal_mucosa	WGS	METAGENOMIC	RANDOM	PAIRED	SRS1055080		SAMN03351668	PRJNA275349	Illumina HiSeq 2000	Illumina HiSeq 2000	ILLUMINA	20262374	317557813	SRR2241411	20262374	4092999548
SRP056641	Human Microbiome Environment Metagenome	SRX1183025		Metagenomics of human microbiome	646099	human metagenome	700166655_zo7_G_DNA_Supragingival_plaque	WGS	METAGENOMIC	RANDOM	PAIRED	SRS1055079		SAMN03351669	PRJNA275349	Illumina HiSeq 2000	Illumina HiSeq 2000	ILLUMINA	12790386	698187950	SRR2241412	12790386	2583657972
SRP056641	Human Microbiome Environment Metagenome	SRX1183026		Metagenomics of human microbiome	646099	human metagenome	700166661_zs1_G_DNA_Anterior_nares	WGS	METAGENOMIC	RANDOM	PAIRED	SRS1055081		SAMN03351670	PRJNA275349	Illumina HiSeq 2000	Illumina HiSeq 2000	ILLUMINA	26132306	347629211	SRR2241414	26132306	5278725812
SRP056641	Human Microbiome Environment Metagenome	SRX1183027		Metagenomics of human microbiome	646099	human metagenome	700166664_zv2_G_DNA_Posterior_fornix	WGS	METAGENOMIC	RANDOM	PAIRED	SRS1055082		SAMN03351671	PRJNA275349	Illumina HiSeq 2000	Illumina HiSeq 2000	ILLUMINA	26987976	380207271	SRR2241415	26987976	5451571152
SRP056641	Human Microbiome Environment Metagenome	SRX1183051		Metagenomics of human microbiome	646099	human metagenome	700167107_zg_G_DNA_Stool	WGS	METAGENOMIC	RANDOM	PAIRED	SRS1055083		SAMN03351677	PRJNA275349	Illumina HiSeq 2000	Illumina HiSeq 2000	ILLUMINA	23527863	2262103296	SRR2241505	23527863	4752628326
SRP056641	Human Microbiome Environment Metagenome	SRX1183052		Metagenomics of human microbiome	646099	human metagenome	700167113_zo9_G_DNA_Tongue_dorsum	WGS	METAGENOMIC	RANDOM	PAIRED	SRS1055084		SAMN03351678	PRJNA275349	Illumina HiSeq 2000	Illumina HiSeq 2000	ILLUMINA	25861055	2246412476	SRR2241506	25861055	5223933110
SRP056641	Human Microbiome Environment Metagenome	SRX1183053		Metagenomics of human microbiome	646099	human metagenome	700167115_zo1_G_DNA_Buccal_mucosa	WGS	METAGENOMIC	RANDOM	PAIRED	SRS1055085		SAMN03351679	PRJNA275349	Illumina HiSeq 2000	Illumina HiSeq 2000	ILLUMINA	14039504	384433376	SRR2241507	14039504	2835979808
SRP056641	Human Microbiome Environment Metagenome	SRX1183054		Metagenomics of human microbiome	646099	human metagenome	700167119_zo7_G_DNA_Supragingival_plaque	WGS	METAGENOMIC	RANDOM	PAIRED	SRS1055086		SAMN03351680	PRJNA275349	Illumina HiSeq 2000	Illumina HiSeq 2000	ILLUMINA	13957161	1292387149	SRR2241508	13957161	2819346522
SRP056641	Human Microbiome Environment Metagenome	SRX1183055		Metagenomics of human microbiome	646099	human metagenome	700167125_zs1_G_DNA_Anterior_nares	WGS	METAGENOMIC	RANDOM	PAIRED	SRS1055087		SAMN03351681	PRJNA275349	Illumina HiSeq 2000	Illumina HiSeq 2000	ILLUMINA	21734881	395259094	SRR2241510	21734881	4390445962
SRP056641	Human Microbiome Environment Metagenome	SRX1183056		Metagenomics of human microbiome	646099	human metagenome	700167128_zv2_G_DNA_Posterior_fornix	WGS	METAGENOMIC	RANDOM	PAIRED	SRS1055088		SAMN03351682	PRJNA275349	Illumina HiSeq 2000	Illumina HiSeq 2000	ILLUMINA	35216590	572457810	SRR2241511	35216590	7113751180
SRP056641	Human Microbiome Environment Metagenome	SRX1183057		Metagenomics of human microbiome	646099	human metagenome	700167767_zo1_G_DNA_Buccal_mucosa	WGS	METAGENOMIC	RANDOM	PAIRED	SRS1055090		SAMN03351685	PRJNA275349	Illumina HiSeq 2000	Illumina HiSeq 2000	ILLUMINA	17440353	232215217	SRR2241512	17440353	3522951306
SRP056641	Human Microbiome Environment Metagenome	SRX1183058		Metagenomics of human microbiome	646099	human metagenome	700167771_zo7_G_DNA_Supragingival_plaque	WGS	METAGENOMIC	RANDOM	PAIRED	SRS1055091		SAMN03351686	PRJNA275349	Illumina HiSeq 2000	Illumina HiSeq 2000	ILLUMINA	14771290	1317528617	SRR2241513	14771290	2983800580
SRP056641	Human Microbiome Environment Metagenome	SRX1183059		Metagenomics of human microbiome	646099	human metagenome	700167777_zs1_G_DNA_Anterior_nares	WGS	METAGENOMIC	RANDOM	PAIRED	SRS1055092		SAMN03351687	PRJNA275349	Illumina HiSeq 2000	Illumina HiSeq 2000	ILLUMINA	4081061	160487625	SRR2241514	4081061	824374322
SRP056641	Human Microbiome Environment Metagenome	SRX1183081		Metagenomics of human microbiome	646099	human metagenome	700167780_zv2_G_DNA_Posterior_fornix	WGS	METAGENOMIC	RANDOM	PAIRED	SRS1055094		SAMN03351688	PRJNA275349	Illumina HiSeq 2000	Illumina HiSeq 2000	ILLUMINA	21699907	207590312	SRR2241592	21699907	4383381214
SRP056641	Human Microbiome Environment Metagenome	SRX1183082		Metagenomics of human microbiome	646099	human metagenome	700172069_zg_G_DNA_Stool	WGS	METAGENOMIC	RANDOM	PAIRED	SRS1055095		SAMN03351695	PRJNA275349	Illumina HiSeq 2000	Illumina HiSeq 2000	ILLUMINA	5298151	492497961	SRR2241593	5298151	1070226502
SRP056641	Human Microbiome Environment Metagenome	SRX1183083		Metagenomics of human microbiome	646099	human metagenome	700172072_zo9_G_DNA_Tongue_dorsum	WGS	METAGENOMIC	RANDOM	PAIRED	SRS1055097		SAMN03351696	PRJNA275349	Illumina HiSeq 2000	Illumina HiSeq 2000	ILLUMINA	28269286	2586341120	SRR2241594	28269286	5710395772
SRP056641	Human Microbiome Environment Metagenome	SRX1183084		Metagenomics of human microbiome	646099	human metagenome	700172078_zo7_G_DNA_Supragingival_plaque	WGS	METAGENOMIC	RANDOM	PAIRED	SRS1055098		SAMN03351698	PRJNA275349	Illumina HiSeq 2000	Illumina HiSeq 2000	ILLUMINA	701986	78701848	SRR2241595	701986	141801172
SRP056641	Human Microbiome Environment Metagenome	SRX1183085		Metagenomics of human microbiome	646099	human metagenome	700172078_zo7_G_DNA_Supragingival_plaque.2	WGS	METAGENOMIC	RANDOM	PAIRED	SRS1055098		SAMN03351698	PRJNA275349	Illumina HiSeq 2000	Illumina HiSeq 2000	ILLUMINA	13096653	1214880973	SRR2241596	13096653	2645523906
SRP056641	Human Microbiome Environment Metagenome	SRX1183086		Metagenomics of human microbiome	646099	human metagenome	700172870_zg_G_DNA_Stool	WGS	METAGENOMIC	RANDOM	PAIRED	SRS1055099		SAMN03351708	PRJNA275349	Illumina HiSeq 2000	Illumina HiSeq 2000	ILLUMINA	18803534	1730134085	SRR2241597	18803534	3798313868
SRP056641	Human Microbiome Environment Metagenome	SRX1183087		Metagenomics of human microbiome	646099	human metagenome	700172873_zo9_G_DNA_Tongue_dorsum	WGS	METAGENOMIC	RANDOM	PAIRED	SRS1055101		SAMN03351709	PRJNA275349	Illumina HiSeq 2000	Illumina HiSeq 2000	ILLUMINA	15130390	1246907885	SRR2241598	15130390	3056338780
SRP056641	Human Microbiome Environment Metagenome	SRX1183088		Metagenomics of human microbiome	646099	human metagenome	700172875_zo1_G_DNA_Buccal_mucosa	WGS	METAGENOMIC	RANDOM	PAIRED	SRS1055100		SAMN03351710	PRJNA275349	Illumina HiSeq 2000	Illumina HiSeq 2000	ILLUMINA	14684148	444726958	SRR2241599	14684148	2966197896
SRP056641	Human Microbiome Environment Metagenome	SRX1183089		Metagenomics of human microbiome	646099	human metagenome	700172885_zs1_G_DNA_Anterior_nares	WGS	METAGENOMIC	RANDOM	PAIRED	SRS1055102		SAMN03351711	PRJNA275349	Illumina HiSeq 2000	Illumina HiSeq 2000	ILLUMINA	14747388	99240704	SRR2241600	14747388	2978972376
SRP056641	Human Microbiome Environment Metagenome	SRX1183090		Metagenomics of human microbiome	646099	human metagenome	700172888_zv2_G_DNA_Posterior_fornix	WGS	METAGENOMIC	RANDOM	PAIRED	SRS1055103		SAMN03351712	PRJNA275349	Illumina HiSeq 2000	Illumina HiSeq 2000	ILLUMINA	11066481	74809294	SRR2241601	11066481	2235429162
